Link Dokumen,Wilayah,Tahun,Jenis Dokumen,Kerja Sama
https://drive.google.com/file/d/1_1iXTZMM2yig-SSTKxnYnZ-rc3qtLiRV/view?usp=sharing,INTERNASIONAL,2021,MOU,
https://drive.google.com/file/d/1ZgIeXbrjm4G6WnooootxrkpDsXvgyEQf/view?usp=sharing,NASIONAL,2021,MOU,
https://drive.google.com/file/d/1Za71IKKx9sOOXn02dmcNgvAOUWcNJLDn/view?usp=sharing,NASIONAL,2021,MOU,
https://drive.google.com/file/d/1Z_xRuoXJ0gq6-TmYxrA3CcdJ2MKIunsf/view?usp=sharing,LOKAL,2021,MOU,
https://drive.google.com/file/d/1ZpnSSpMoI22xM-vyxKHyVJfp-JxXPqUD/view?usp=sharing,LOKAL,2021,MOU,
https://drive.google.com/file/d/1_MKa2QhgCJiGOuXbT7ZUe1SYYvkUfaND/view?usp=sharing,LOKAL,2021,MOU,
https://drive.google.com/file/d/1_AlikKA4YdynDmWcYwsP2YywBdIx5gZD/view?usp=sharing,LOKAL,2021,MOU,
https://drive.google.com/file/d/1_DDTd9TGs-r4fME73SqBpjQSDYVqE-a-/view?usp=sharing,NASIONAL,2021,MOU,
https://drive.google.com/file/d/1Zo6olWDfbbRZKHhRbBgY6o9g_vK2M0_U/view?usp=sharing,LOKAL,2021,MOU,
https://drive.google.com/file/d/1ZnQAZsIf1OF8_YJFc1Z64G5T-DKU4Iwn/view?usp=sharing,LOKAL,2021,MOU,
https://drive.google.com/file/d/1_8y33qO3aOOF7Xs_RvOqnp2XsHhwcgxS/view?usp=sharing,LOKAL,2021,MOU,
https://drive.google.com/file/d/1ZmumS6NXUeDXdP3K9rxW-unipJa20JAL/view?usp=sharing,NASIONAL,2021,MOU,
https://drive.google.com/file/d/1_7SRItfUinjK-Ig3Yj4OJJKtYipx-5U_/view?usp=sharing,NASIONAL,2021,MOU,
https://drive.google.com/file/d/1ZlOVD52VCjVmqpCa4NjnnRTLvdsMNXBQ/view?usp=sharing,NASIONAL,2021,MOU,
https://drive.google.com/file/d/1_6XkqQsT2FMXeUoAEnYnq3TSVrfqSwB3/view?usp=sharing,NASIONAL,2021,MOU,
https://drive.google.com/file/d/1_Ce4ZxQJogKNRQjVcU5qTUSFRHO2s0V5/view?usp=sharing,NASIONAL,2021,MOU,
https://drive.google.com/file/d/1_C-YGBU3KkMDLlNmmwbV8f2jzlUkGMI4/view?usp=sharing,NASIONAL,2021,MOU,
https://drive.google.com/file/d/1_BE0uZaE3k5c3vfBiN6Yrpd6ZKH5XuKN/view?usp=sharing,NASIONAL,2021,MOU,
https://drive.google.com/file/d/1_Anxc1aGOdonsxA95QRJsdQdHBcfH3V3/view?usp=sharing,NASIONAL,2021,MOU,
https://drive.google.com/file/d/1ZdmIEQXIjySn7WAv9r7a4dfD4iD0dmRm/view?usp=sharing,LOKAL,2021,MOU,
https://drive.google.com/file/d/1Zkc9Rx4LNh7WT8pbGTK2D4ZKqORby6C-/view?usp=sharing,NASIONAL,2021,MOU,
https://drive.google.com/file/d/1ZjTR9xRbUDb1zAd93O3ANP3uDGbE8GUA/view?usp=sharing,LOKAL,2021,MOU,
https://drive.google.com/file/d/1ZjD0nuPoG8YVUTMQttclRkUK9EcPHSkt/view?usp=sharing,LOKAL,2021,MOU,
https://drive.google.com/file/d/1ZhfDSF5rgG8jOL_66ZwB5GIoRGppFZ7Z/view?usp=sharing,LOKAL,2021,MOU,
https://drive.google.com/file/d/1Zh2_6oLGaLW47_PdcXUoekkpOgFVwzBs/view?usp=sharing,LOKAL,2021,MOU,
https://drive.google.com/file/d/1Zgl_4ocHzVLQo4JJSlClZ85H6Gs_4c4H/view?usp=sharing,LOKAL,2021,MOU,
https://drive.google.com/file/d/1Zc8OaGHVVBZW0TLXxe2FnIQt4KZjCHIt/view?usp=sharing,LOKAL,2021,MOU,
https://drive.google.com/file/d/1ZyE1XABTF7F3Fc1vMZBxy-gC1UlpZ3Qi/view?usp=sharing,LOKAL,2021,MOU,
https://drive.google.com/file/d/1_5BlYpH8_4x38MTF4NBx7Qb3VcnOlH6m/view?usp=sharing,NASIONAL,2021,MOU,
https://drive.google.com/file/d/1ZwnfZfMCnDJ8oIj5Mr4X3SOzRpROpiPE/view?usp=sharing,LOKAL,2021,MOU,
https://drive.google.com/file/d/1_3fV6DmvnriPqWLLb1CwI9TC_YFN_Rtl/view?usp=sharing,LOKAL,2021,MOU,
https://drive.google.com/file/d/1ZwbV_exXo1QAkScvkjnkVwnLz2LzvFGB/view?usp=sharing,LOKAL,2021,MOU,
https://drive.google.com/file/d/1_3aVQnv77CJlTgiqQxT790i88kuqQNeR/view?usp=sharing,LOKAL,2021,MOU,
https://drive.google.com/file/d/1ZckdCc8HLdufXkbXTb-Y4ehYzeiQqvfB/view?usp=sharing,LOKAL,2021,MOU,
https://drive.google.com/file/d/1Zunh-eNx68Zm_eoHJ-XO7qcx21KEwa0_/view?usp=sharing,NASIONAL,2021,MOU,
https://drive.google.com/file/d/1ZuSFW7Z6dRDSsujFsnAYyYJrRVjb1z6h/view?usp=sharing,NASIONAL,2021,MOU,
https://drive.google.com/file/d/1ZstMXGxgMJ8-AN93JJkqGDKVbGcfmL6W/view?usp=sharing,NASIONAL,2021,MOU,
https://drive.google.com/file/d/1Zskqvocq-59l25i_Zm88nNceRVQeqRQ-/view?usp=sharing,NASIONAL,2021,MOU,
https://drive.google.com/file/d/1ZsOtpmwl8KuiLbCVBR4UqZfdTilZv44a/view?usp=sharing,NASIONAL,2021,MOU,
https://drive.google.com/file/d/1_gJticD6g7BoMuixlXZjoBMmkertIUBR/view?usp=sharing,LOKAL,2021,MOU,
https://drive.google.com/file/d/1Zs-CcLN1AauRIcecQIeVOjdyg7plmGNa/view?usp=sharing,LOKAL,2021,MOU,
https://drive.google.com/file/d/1_RrgH_f6boaPDP7xwbXv6HMQ_OowR_y_/view?usp=sharing,LOKAL,2021,MOU,
https://drive.google.com/file/d/1_QusuziPdzNmUXcgBut93a4prECYif_k/view?usp=sharing,LOKAL,2021,MOU,
https://drive.google.com/file/d/1ZqyuFzZI6Q19WT_7s9Zw9x_L9pgKEmjb/view?usp=sharing,NASIONAL,2021,MOU,
https://drive.google.com/file/d/1_eNpCTTfNhlMKREYvyP5vVXweB5jcLi9/view?usp=sharing,LOKAL,2021,MOU,
https://drive.google.com/file/d/1Zye1qIRBgCaKp6QLlzCBUDAQJFvEcjT3/view?usp=sharing,LOKAL,2021,MOU,
https://drive.google.com/file/d/1_20jwNr2Ha8WsKG4ho4Tps5m3ULBg2rU/view?usp=sharing,LOKAL,2021,MOU,
https://drive.google.com/file/d/1_ZJiVeflhXIvqYdVreLWeLDlTlfTeyIM/view?usp=sharing,LOKAL,2021,MOU,
https://drive.google.com/file/d/1_WJhVhqJDuzZBZO1uhagUNuswNIzD66i/view?usp=sharing,LOKAL,2021,MOU,
https://drive.google.com/file/d/1_UD2c5mTOz9v1nCNtLYADYeL7x8o_g22/view?usp=sharing,LOKAL,2021,MOU,
https://drive.google.com/file/d/1cGzgsoTK5pdrpnBxNlgRC9pvXV0ZXVxm/view?usp=drive_link,LOKAL,2021,MOU,
https://drive.google.com/file/d/1Fd6_4Y3flfmP3rge-8AFOLYMAgFsrZex/view?usp=sharing,NASIONAL,2021,MOU,
https://drive.google.com/file/d/1EZPAvUEBzPJd0e7VzkzjaNZlep5Pi4EO/view?usp=sharing,LOKAL,2021,MOU,
https://drive.google.com/file/d/1tZNkmxglu22PP0AgYOEs4iRaG1F5qnKV/view?usp=sharing,LOKAL,2021,MOU,
https://drive.google.com/file/d/1Hsy90Z4qL5Aj-rM_U3F_eImBaYytH5G6/view?usp=sharing,NASIONAL,2021,MOU,
https://drive.google.com/file/d/1VbMl3CJtj7XVFRI3PY2L8vnDk5crr-0V/view?usp=sharing,LOKAL,2021,MOU,
https://drive.google.com/file/d/1_0S3WVScKNXLKplqwTAW9N-0hAj2Rvtt/view?usp=sharing,NASIONAL,2021,PKS,Pengembangan Kurikulum/Program Bersama
https://drive.google.com/file/d/1Zg6JtX0Tq6KPx1AWjYso1yVxtBYKfbfc/view?usp=sharing,NASIONAL,2021,PKS,Magang/ Praktik Kerja-Kampus Merdeka
https://drive.google.com/file/d/1ZYxLPQ63K-Hu1kadAdte5mdwqJ-4NAHO/view?usp=sharing,LOKAL,2021,PKS,Pengabdian Kepada Masyarakat
https://drive.google.com/file/d/1Zq2hb_vDG10MTnke9ZVMQM21z1Zt_xfn/view?usp=sharing,LOKAL,2021,PKS,Magang/ Praktik Kerja-Kampus Merdeka
https://drive.google.com/file/d/1ZfrnOs4Pe29NoDIbL2J-czJrKiX1_9od/view?usp=sharing,LOKAL,2021,PKS,Magang/ Praktik Kerja-Kampus Merdeka
https://drive.google.com/file/d/1Zmv2j_Pq4fGDdOO1L_xwfIS8Rx6piowm/view?usp=sharing,LOKAL,2021,PKS,Lainnya
https://drive.google.com/file/d/1ZfiYCO63a7Kbpgzcq6iNaNeCU3GkLfQi/view?usp=sharing,LOKAL,2021,PKS,Magang/ Praktik Kerja-Kampus Merdeka
https://drive.google.com/file/d/1Ze5Tsge-2w_vJO3ZOb95SgX1H8I14Tli/view?usp=sharing,NASIONAL,2021,PKS,Magang/ Praktik Kerja-Kampus Merdeka
https://drive.google.com/file/d/1_kGGb4kKIBgeLrWWCUFyUxwd1GnFtAcf/view?usp=sharing,LOKAL,2021,PKS,Penyewaan Aset BMN
https://drive.google.com/file/d/1_3qavfrDJm4exnDy8Q_XYub-gHOjwBur/view?usp=sharing,NASIONAL,2021,PKS,Pelatihan
https://drive.google.com/file/d/1ZvgwYgTAqocFb3C7CP7W2HpfpojcPTPz/view?usp=sharing,LOKAL,2021,PKS,Pengembangan Pusat Penelitian dan Pengembangan Keilmuan
https://drive.google.com/file/d/1_29cDACG58hhfQ62iINrsyqJJ-d9krjz/view?usp=sharing,LOKAL,2021,PKS,Pelatihan
https://drive.google.com/file/d/1ZckWiphNWuxGDuUkoqjXn4-gcVAjbEcA/view?usp=sharing,LOKAL,2021,PKS,Magang/ Praktik Kerja-Kampus Merdeka
https://drive.google.com/file/d/1Zv7_kNAs3n8FBuz38bQ90aO3zXljHI7o/view?usp=sharing,NASIONAL,2021,PKS,Jasa dari Mitra
https://drive.google.com/file/d/1_S21tiqRKVCXAGdbz1rIw_KdJ2eetUkU/view?usp=sharing,LOKAL,2021,PKS,Pelatihan
https://drive.google.com/file/d/1ZsFGfrmfFPDTmxfeO4af8Ifm8OjcF-no/view?usp=sharing,NASIONAL,2021,PKS,Pelatihan
https://drive.google.com/file/d/1_fczVEj04-HOFTvov3X55g7FBUky23XN/view?usp=sharing,LOKAL,2021,PKS,Magang/ Praktik Kerja-Kampus Merdeka
https://drive.google.com/file/d/1ZqzA6gvgFKE0-7vTx9L-d_VBJESByf8a/view?usp=sharing,LOKAL,2021,PKS,Pengembangan Kurikulum/Program Bersama
https://drive.google.com/file/d/1_dcfhQY6nLeK_J5OBxyxEo2LWpwQwNrM/view?usp=sharing,LOKAL,2021,PKS,Pengabdian Kepada Masyarakat
https://drive.google.com/file/d/1_dIp3AfpjDLmdLLGnO-HYrbw3qG71cnW/view?usp=sharing,LOKAL,2021,PKS,Pengembangan Kurikulum/Program Bersama
https://drive.google.com/file/d/1_cUKP_VwENBY0xdnBrjkSEj25r0_lcZB/view?usp=sharing,LOKAL,2021,PKS,Pengembangan Kurikulum/Program Bersama
https://drive.google.com/file/d/1_a3lKw87GOo2ui9ZbUzKBHyHmrmsFdP5/view?usp=sharing,LOKAL,2021,PKS,Pengabdian Kepada Masyarakat
https://drive.google.com/file/d/1ZqMsA5Ks_CUQmX3sByhufZVNo4bnQuKI/view?usp=sharing,LOKAL,2021,PKS,Pengembangan Kurikulum/Program Bersama
https://drive.google.com/file/d/1_ZyZRpmoCy__YFCoqdGG2iJVi97yymPK/view?usp=sharing,LOKAL,2021,PKS,Pengembangan Kurikulum/Program Bersama
https://drive.google.com/file/d/1_Alkq-YVziDt-sS3rMBS8RQDgQDe6p3U/view?usp=sharing,NASIONAL,2021,PKS,Pelatihan
https://drive.google.com/file/d/1_8RF7gMvXcecpr8EbAlnzwbt9gGMC-fH/view?usp=sharing,NASIONAL,2021,PKS,Penelitian/Riset-Kampus Merdeka
https://drive.google.com/file/d/1_h4w9R8Dw3WwT4s6FX9Xi9pnGBp7wu96/view?usp=sharing,NASIONAL,2021,PKS,Pelatihan Dosen dan Instruktur
https://drive.google.com/file/d/1aR2tK8mCa5Zx-tVu6dBLm4Vn-hBJaeUP/view?usp=sharing,NASIONAL,2021,PKS,Jasa dari Mitra
https://drive.google.com/file/d/1_-PNAibaPx08OqIUF0KQPz4i-80FSR_t/view?usp=drive_link,NASIONAL,2021,PKS,Penyewaan Aset BMN
https://drive.google.com/file/d/1_UneFd3fAAc3VAdFTPeB5QfZubaouxWo/view?usp=sharing,NASIONAL,2021,PKS,Lainnya
https://drive.google.com/file/d/1WjXWS8r63VBN_yYfatiVulUAgWA3b3q6/view?usp=sharing,LOKAL,2021,PKS,Magang/ Praktik Kerja-Kampus Merdeka
https://drive.google.com/file/d/1_0wnXQfud39Qu-7pUJAG304Yy0UYIU02/view?usp=sharing,NASIONAL,2021,KONTRAK,Pengembangan Sistem/Produk
https://drive.google.com/file/d/1_5uV65CRZ2ew79m2MW40BGud_HdsJ3MA/view?usp=sharing,LOKAL,2021,KONTRAK,Penyediaan Jasa Tenaga Ahli
https://drive.google.com/file/d/1_5X1qt_ud_t4Rg-4huOG-GpB4FWfx8S5/view?usp=sharing,LOKAL,2021,KONTRAK,Penyediaan Jasa Tenaga Ahli
https://drive.google.com/file/d/1m4y1Rri1cwEbvtIqp1LuI-cu4eT64EH3/view?usp=sharing,INTERNASIONAL,2021,KONTRAK,Penelitian/Riset-Kampus Merdeka
https://drive.google.com/file/d/15dvJoYQJKbWiUdq5_h-l6d6L8fP1nJW2/view?usp=sharing,NASIONAL,2021,KONTRAK,Penyediaan Jasa Tenaga Ahli
https://drive.google.com/file/d/1aFVrQylNK8RgUUiPAoUUDLTg2v5v9enD/view?usp=sharing,INTERNASIONAL,2022,MOU,
https://drive.google.com/file/d/1argJ3tI_ikeKKtRXn3IAmxu9FlA_zXh_/view?usp=sharing,LOKAL,2022,MOU,
https://drive.google.com/file/d/1ajNjKdjOjtNyLUj7lyhyriAJOKmCUfa1/view?usp=sharing,NASIONAL,2022,MOU,
https://drive.google.com/file/d/1ah1NTyqpnmZtYBtdSbYJWya09lKifOeG/view?usp=sharing,NASIONAL,2022,MOU,
https://drive.google.com/file/d/1_odyB9ACzmoJfC0aHODkyu27_5p5HgX1/view?usp=sharing,LOKAL,2022,MOU,
https://drive.google.com/file/d/1aqo9FM1ugweSA9dh3qhtkjQmxuEO5WA2/view?usp=sharing,NASIONAL,2022,MOU,
https://drive.google.com/file/d/1aqX5A4VlIBTyj-wlEzwWhkSwm6zVs76c/view?usp=sharing,LOKAL,2022,MOU,
https://drive.google.com/file/d/1aeFxMDpC_NpB_sFAR8OHaAyIX7boteja/view?usp=sharing,NASIONAL,2022,MOU,
https://drive.google.com/file/d/1_ll-FUtwdI4qzvTUgME6V8V9k1fF1M5r/view?usp=sharing,NASIONAL,2022,MOU,
https://drive.google.com/file/d/1aqRceu4AdK3dieia6BO0uugzfOa3SsGx/view?usp=sharing,LOKAL,2022,MOU,
https://drive.google.com/file/d/1aeEobQql-VFk3C3SzcNNblJ3OUmHWnHn/view?usp=sharing,LOKAL,2022,MOU,
https://drive.google.com/file/d/1_lNjyvGBK6OPKH9Oyjaj_LanBHhPZF9Q/view?usp=sharing,NASIONAL,2022,MOU,
https://drive.google.com/file/d/1ao_dylSnqvjNy5Jl6687iALMECVWVVYg/view?usp=sharing,LOKAL,2022,MOU,
https://drive.google.com/file/d/1a5gnv8Ld2KLRM1GzVYooU0vUc9Svh3Yb/view?usp=sharing,LOKAL,2022,MOU,
https://drive.google.com/file/d/1a3aFukLxb-7rmSQ8t7uuzbJqGzNPgTVQ/view?usp=sharing,LOKAL,2022,MOU,
https://drive.google.com/file/d/1ak8THv8wwWP875u-8dnE3gQ_tXTNV8cI/view?usp=sharing,LOKAL,2022,MOU,
https://drive.google.com/file/d/1aYNTq0santcDbpqAYqs8v3uZChPtKY-9/view?usp=sharing,NASIONAL,2022,MOU,
https://drive.google.com/file/d/1bBbKzrCbIRSMeeXmqnwzFAdKR5_7Uqv2/view?usp=sharing,LOKAL,2022,MOU,
https://drive.google.com/file/d/1a24ncAC-xcVlwon1IuIZhCtXs9gNfwX4/view?usp=sharing,LOKAL,2022,MOU,
https://drive.google.com/file/d/1bBElaTqbYHf0arU9HI_yPomKfgCET-DL/view?usp=sharing,LOKAL,2022,MOU,
https://drive.google.com/file/d/1aM-tTP2_128P2zQ_lJUXZJsLL-BKcBwx/view?usp=sharing,LOKAL,2022,MOU,
https://drive.google.com/file/d/1a1mC0sCaDAWoFCMyjJhpIK6xdeVSJZsH/view?usp=sharing,LOKAL,2022,MOU,
https://drive.google.com/file/d/1aVZpwhditXzvxCk8R8AKR0Yx_-BQMOLe/view?usp=sharing,LOKAL,2022,MOU,
https://drive.google.com/file/d/1_xCWzoZdJeT1y-c2XD1y7gYAzfVONhJq/view?usp=sharing,LOKAL,2022,MOU,
https://drive.google.com/file/d/1_tlE2iefTTvwz-86vEB1BjKFxPITifIw/view?usp=sharing,LOKAL,2022,MOU,
https://drive.google.com/file/d/1aUf2b5O6zxEehiSCHls2oEWX4LDgYLTp/view?usp=sharing,NASIONAL,2022,MOU,
https://drive.google.com/file/d/1aROBUJKAdaXRy93UBmn1dgxU7pIrEEoa/view?usp=sharing,NASIONAL,2022,MOU,
https://drive.google.com/file/d/1aLf7cC6DM1Is-9H0VAQBoiL-UG-lrUOw/view?usp=sharing,NASIONAL,2022,MOU,
https://drive.google.com/file/d/1bAYHVI2tgvwcM471MBf3WegLNULd8XGH/view?usp=sharing,LOKAL,2022,MOU,
https://drive.google.com/file/d/1b9cy1KmigfyOSAbEyuIjPwpB0a6uO8iT/view?usp=sharing,LOKAL,2022,MOU,
https://drive.google.com/file/d/1ayS9byMehTES35SvNlzmIpA3hfleMjOc/view?usp=sharing,LOKAL,2022,MOU,
https://drive.google.com/file/d/1b7cLs7DECoVF4X28QdGnTlCfD7pvUCdF/view?usp=sharing,LOKAL,2022,MOU,
https://drive.google.com/file/d/1Upnhvoh89qIWMXtFdscPaSV-WkT2GFk5/view?usp=sharing,LOKAL,2022,MOU,
https://drive.google.com/file/d/1aMjp8c48bEm7vqOfCgmfH84N74iQWSSO/view?usp=sharing,NASIONAL,2022,MOU,
https://drive.google.com/file/d/1awvnPhDSRTd-15NATS1r8BVP11X2awlO/view?usp=sharing,LOKAL,2022,MOU,
https://drive.google.com/file/d/1SjwhEmdSOVCJKzN101GbPXgd8a5hhDun/view?usp=drive_link,LOKAL,2022,MOU,
https://drive.google.com/file/d/1SkcprOOju13hsMkQ1ERR_kBR03b6aXHY/view?usp=sharing,LOKAL,2022,MOU,
https://drive.google.com/file/d/1oEsmrYhiEYIgAAj7wx6B71MpLb4_pq_h/view?usp=sharing,LOKAL,2022,MOU,
https://drive.google.com/file/d/1aI7uee0pO5MrCfTAHx4zKZb4bDPoUznN/view?usp=sharing,INTERNASIONAL,2022,PKS,Pertukaran Mahasiswa
https://drive.google.com/file/d/1aLKiZdIZCEgIy7n-nZTRFlbtJpb1lAlB/view?usp=sharing,INTERNASIONAL,2022,PKS,Pertukaran Mahasiswa
https://drive.google.com/file/d/1aBl-jrFu3Vq-706xFGKvMu7Il4i0CuLG/view?usp=sharing,LOKAL,2022,PKS,Pengembangan Kurikulum/Program Bersama
https://drive.google.com/file/d/1aAEOGYX-8DuIidi2W64QGWLM2qtLh9L3/view?usp=sharing,LOKAL,2022,PKS,Pengabdian Kepada Masyarakat
https://drive.google.com/file/d/1_snNcqEqgLrNQ_tH70bmQ3jgVOOYDRRf/view?usp=sharing,LOKAL,2022,PKS,Magang/ Praktik Kerja-Kampus Merdeka
https://drive.google.com/file/d/1_qIfhQXaUQbvbcT9D6sYWW7-Triz_HlJ/view?usp=sharing,LOKAL,2022,PKS,Pelatihan
https://drive.google.com/file/d/1_pqWIIaQxVGJC0IcF3CO_AgKTtuLu_3B/view?usp=sharing,LOKAL,2022,PKS,Magang/ Praktik Kerja-Kampus Merdeka
https://drive.google.com/file/d/1_pYf_hyR1N1pREk4MrrnAOqhpVTGadnX/view?usp=sharing,LOKAL,2022,PKS,Pelatihan
https://drive.google.com/file/d/1_pHJes6SaCX0pb6XBSdR53JqGnRREk0R/view?usp=sharing,LOKAL,2022,PKS,Magang/ Praktik Kerja-Kampus Merdeka
https://drive.google.com/file/d/1_oj5aILBE63kdhsTdOPeqFA6j2GbIYXR/view?usp=sharing,LOKAL,2022,PKS,Pelatihan
https://drive.google.com/file/d/1_noln7xTygoc5bwv4ffnzMSxRf5Cknse/view?usp=sharing,LOKAL,2022,PKS,Magang/ Praktik Kerja-Kampus Merdeka
https://drive.google.com/file/d/1_mChTk6bRm-SmqlCUXHY8RcicaS1shRY/view?usp=sharing,LOKAL,2022,PKS,Pelatihan
https://drive.google.com/file/d/1aqnbQUBQ7VyZWYPNMZI213crUSGfPXJY/view?usp=sharing,NASIONAL,2022,PKS,Pelatihan
https://drive.google.com/file/d/1acd1QMN12Vdb2vfhOYc2mWY9Jz2URbaW/view?usp=sharing,NASIONAL,2022,PKS,Penelitian/Riset-Kampus Merdeka
https://drive.google.com/file/d/1acHuxF72XEnk1pGMbY5hXleswgHe0R_J/view?usp=sharing,NASIONAL,2022,PKS,Pengabdian Kepada Masyarakat
https://drive.google.com/file/d/1aYuGRPrKVoT47gNLnbVv3-Ob44VUHJSR/view?usp=sharing,NASIONAL,2022,PKS,Pertukaran Dosen
https://drive.google.com/file/d/1aYrbRinBNm-P2lKRp41HaLXtBE_b7sVI/view?usp=sharing,NASIONAL,2022,PKS,Pertukaran Pelajar-Kampus Merdeka
https://drive.google.com/file/d/1aY_vMDaffvVb6OsT2KHabvizUvEe7S-T/view?usp=sharing,NASIONAL,2022,PKS,Penerbitan Berkala Ilmiah
https://drive.google.com/file/d/1_lAY5PxcFdZ581pqlwbRQlyF6JfNbe3a/view?usp=sharing,LOKAL,2022,PKS,Pengembangan Kurikulum/Program Bersama
https://drive.google.com/file/d/1a7LhzU82jDW5tW0erpZPpmQzuWR1D3BP/view?usp=sharing,LOKAL,2022,PKS,Pengembangan Kurikulum/Program Bersama
https://drive.google.com/file/d/1bBq0wYLiegTg8PNIJ0x43vKbPlrFpyr3/view?usp=sharing,LOKAL,2022,PKS,Jasa dari Mitra
https://drive.google.com/file/d/1_tiPHDi84zowEOFhmohdg7AmdEKvJUc9/view?usp=sharing,LOKAL,2022,PKS,Magang/ Praktik Kerja-Kampus Merdeka
https://drive.google.com/file/d/1_t_U27O_E9KGPiX-CXuwtCImamTjr4mr/view?usp=sharing,LOKAL,2022,PKS,Magang/ Praktik Kerja-Kampus Merdeka
https://drive.google.com/file/d/1a1ID2V8GiibCXouUuCvbSMwUpdLnzL1m/view?usp=sharing,LOKAL,2022,PKS,Pelatihan
https://drive.google.com/file/d/1a-8nqjdmEOql_EZDxKJwYUW0XSDXTCsm/view?usp=sharing,LOKAL,2022,PKS,Pengembangan Kurikulum/Program Bersama
https://drive.google.com/file/d/1_yuWNrBW4tuJi0juanTxvFcJoLogmPm0/view?usp=sharing,LOKAL,2022,PKS,Pengembangan Kurikulum/Program Bersama
https://drive.google.com/file/d/1_yl2S9UgKQk0rNV854KIl5kBhgpGbl7R/view?usp=sharing,LOKAL,2022,PKS,Pengembangan Kurikulum/Program Bersama
https://drive.google.com/file/d/1_yIr8qehGi4fkRxD9Leht1u2q4BhaYDo/view?usp=sharing,LOKAL,2022,PKS,Pengembangan Sistem/Produk
https://drive.google.com/file/d/1aVRWRNFYuXf3UuaqbnT1Hbvi_adYRb0i/view?usp=sharing,LOKAL,2022,PKS,Penyediaan Jasa Tenaga Ahli
https://drive.google.com/file/d/1aV1arK1BitwfcJ5M-y-ifkO7BmE1YljU/view?usp=sharing,LOKAL,2022,PKS,Penyediaan Jasa Tenaga Ahli
https://drive.google.com/file/d/1_vHqpp4BnWyWAbIqi9m5oKAKfWnQn6-A/view?usp=sharing,LOKAL,2022,PKS,Magang/ Praktik Kerja-Kampus Merdeka
https://drive.google.com/file/d/1_tw-8maokWw3cMGHDidbR1APRO-yqMIh/view?usp=sharing,LOKAL,2022,PKS,Pengembangan Kurikulum/Program Bersama
https://drive.google.com/file/d/1b04towOeJ3tIfmE-bVTTumYTZPXcbsDg/view?usp=sharing,NASIONAL,2022,PKS,Kegiatan Wirausaha-Kampus Merdeka
https://drive.google.com/file/d/1aPvlRsudEvPJ8Qp4aJe-uRtcorbJv4uZ/view?usp=sharing,LOKAL,2022,PKS,Penyewaan Aset BMN
https://drive.google.com/file/d/1b-xHgs0Y3ENgfzCnrGoJIgEujUNm4Xpu/view?usp=sharing,LOKAL,2022,PKS,Penyediaan Jasa Tenaga Ahli
https://drive.google.com/file/d/1axOqvG1fsDPckQTuKc2kuuHPT51tLJhK/view?usp=sharing,LOKAL,2022,PKS,Penyediaan Jasa Tenaga Ahli
https://drive.google.com/file/d/1aNSCVkaWMVNtWG83SlBHCAut0sqODMgG/view?usp=sharing,NASIONAL,2022,PKS,Pelatihan
https://drive.google.com/file/d/1b7P0_OSQoDPKwPHvWcn281lbxtobW2RZ/view?usp=sharing,LOKAL,2022,PKS,Pengabdian Kepada Masyarakat
https://drive.google.com/file/d/1b4mcr3diL95c4jC3cXrIR3kTfd6Qcf8U/view?usp=sharing,LOKAL,2022,PKS,Lainnya
https://drive.google.com/file/d/1UdwgX1YmMGd3tJGsPYG1uWq7ZVDgGAH9/view?usp=sharing,LOKAL,2022,PKS,Penelitian/Riset-Kampus Merdeka
https://drive.google.com/file/d/1_tG5FLko7dzCFo-JX4lvq16kHhrUkp2S/view?usp=sharing,LOKAL,2022,PSM,Penyewaan Aset BMN
https://drive.google.com/file/d/1avS2Ct4d3TeRcdqL031fvlGadjoZL5MC/view?usp=drive_link,LOKAL,2022,KONTRAK,Penyediaan Jasa Tenaga Ahli
https://drive.google.com/file/d/1at--istUgZ-kvAKKCM-4WBzk6u0h83v0/view?usp=sharing,LOKAL,2022,KONTRAK,Penyediaan Jasa Tenaga Ahli
https://drive.google.com/file/d/1a0zl6Sifx0c586GK_ioCCdMC5oLbAobv/view?usp=sharing,LOKAL,2022,KONTRAK,Pelatihan
https://drive.google.com/file/d/1alcJuAM5hAsUyF0h5-l2NtOy_F-trhwE/view?usp=sharing,NASIONAL,2022,KONTRAK,Penyediaan Jasa Tenaga Ahli
https://drive.google.com/file/d/1c3sQ3oGST5_NFHgudGt0G0-lbIvXuQtf/view?usp=sharing,INTERNASIONAL,2023,MOU,
https://drive.google.com/file/d/1cLNcgR9M2XWFZ0q0X__4NbjnD1OYwLBp/view?usp=sharing,INTERNASIONAL,2023,MOU,
https://drive.google.com/file/d/1cFnmT1FgluDyWeOjZfFbMmZIg7rpi4gC/view?usp=sharing,LOKAL,2023,MOU,
https://drive.google.com/file/d/1bVvZ1IJrZZPjTvmhz9luIeddNwrrxb0E/view?usp=sharing,LOKAL,2023,MOU,
https://drive.google.com/file/d/1bVmpzVjtv2NcZTK0moftaVArIYtvjLhT/view?usp=sharing,LOKAL,2023,MOU,
https://drive.google.com/file/d/1bTilO_QnVkIpM4Z0hUbcsJE6RaXUs4bq/view?usp=sharing,LOKAL,2023,MOU,
https://drive.google.com/file/d/1bsF-VpQwtphfYNWSKS9TfSpuFMOyZEmy/view?usp=sharing,LOKAL,2023,MOU,
https://drive.google.com/file/d/1brJRaycea-_VNHagLJg06C-WUGQBE1E-/view?usp=sharing,LOKAL,2023,MOU,
https://drive.google.com/file/d/1bphlvqHn9F5Qxx93-g0wzSPAvpBjL2Wy/view?usp=sharing,LOKAL,2023,MOU,
https://drive.google.com/file/d/1cFNET8HTXNr7DR8g-WAuPLFDtpJEi923/view?usp=sharing,LOKAL,2023,MOU,
https://drive.google.com/file/d/1b1Pq0gcQVlaT-cbqZNoPWKVyDcsqEdpL/view?usp=sharing,NASIONAL,2023,MOU,
https://drive.google.com/file/d/1boY_BVRChVM0qKf7B2dFrfBhkj3cP0xh/view?usp=sharing,LOKAL,2023,MOU,
https://drive.google.com/file/d/1biqJcSgOFwdl8-pFdMFOFdaSqCrE8mdK/view?usp=sharing,LOKAL,2023,MOU,
https://drive.google.com/file/d/1bgigNFl2aq-53aMvLOB2k-ru9RYAbNy4/view?usp=sharing,LOKAL,2023,MOU,
https://drive.google.com/file/d/1cD8L8BRlN-GBC08fd0beUAtWKAfUmBmx/view?usp=sharing,LOKAL,2023,MOU,
https://drive.google.com/file/d/1c03h9H06_FY5vo9XBcWF-TEWs83dYzad/view?usp=sharing,LOKAL,2023,MOU,
https://drive.google.com/file/d/1bz4hsl0mxCr0THRrxZB3ekFtN5DRRVs9/view?usp=sharing,NASIONAL,2023,MOU,
https://drive.google.com/file/d/1bxRUP6YovJyqWSPTqRAUuIJFslb_KTlw/view?usp=sharing,LOKAL,2023,MOU,
https://drive.google.com/file/d/1c9NpiKEVWArHD1r5cNxPbomFdzc4iDR4/view?usp=sharing,LOKAL,2023,MOU,
https://drive.google.com/file/d/1c8J7Ywy1qMEgyc2XFWP7n0jDcRY0-AMD/view?usp=sharing,LOKAL,2023,MOU,
https://drive.google.com/file/d/1bvz-owSmjc1fpCudGP7cz2bYtneEVEBd/view?usp=sharing,LOKAL,2023,MOU,
https://drive.google.com/file/d/1bQTrAwCpNvwTfjb3llDhUFWKSmKRBYCi/view?usp=sharing,NASIONAL,2023,MOU,
https://drive.google.com/file/d/1bPoy8pDPvGT0xMG1stSvfTMPwIt3aH24/view?usp=sharing,LOKAL,2023,MOU,
https://drive.google.com/file/d/1btkBUUxVG92xhYGl4MtWlu5jHRJbBHks/view?usp=sharing,NASIONAL,2023,MOU,
https://drive.google.com/file/d/1bMq1zvAuTTUzb1zljGkF73abh67SnQxl/view?usp=sharing,LOKAL,2023,MOU,
https://drive.google.com/file/d/1bMJfynZVSxm2byalj7dYsXPpiPDQbJQp/view?usp=sharing,LOKAL,2023,MOU,
https://drive.google.com/file/d/1bL22WYuJ4GhOeJTrJ-i_FjKfO2acGfdd/view?usp=sharing,LOKAL,2023,MOU,
https://drive.google.com/file/d/1bHsnAwRhTclIeJGM0xvQBna7FbrZvF7m/view?usp=sharing,LOKAL,2023,MOU,
https://drive.google.com/file/d/1bGw5nA6XUGlW1gcUUPWkqmkMBoyu9NeH/view?usp=sharing,LOKAL,2023,MOU,
https://drive.google.com/file/d/1bZ_Y4J52QMBybufSuz9tL7ejxItMBANC/view?usp=sharing,NASIONAL,2023,MOU,
https://drive.google.com/file/d/1bYWRieIdohFhdyv0_YWkPdiJil_LQniJ/view?usp=sharing,LOKAL,2023,MOU,
https://drive.google.com/file/d/1bXGbXvq0p8FL_ipS7mYmvCZPbxgyHZP2/view?usp=sharing,LOKAL,2023,MOU,
https://drive.google.com/file/d/1bGSjcBX0KYvxbGY0XoevVO6KtTIrlXbA/view?usp=sharing,LOKAL,2023,MOU,
https://drive.google.com/file/d/1bGJ8AJ4B3Uv-BmEOxuLzDWphpwNwyJjZ/view?usp=sharing,LOKAL,2023,MOU,
https://drive.google.com/file/d/1bEoe2Api7sU_HQWH0gg0PCD-FNL_ZAt_/view?usp=sharing,NASIONAL,2023,MOU,
https://drive.google.com/file/d/1bESysLXYoc18VJhPXBN-rFLF53DEbFpG/view?usp=sharing,LOKAL,2023,MOU,
https://drive.google.com/file/d/1bE2jX2wOiC4X9MAbPrDduj--18bbG9UR/view?usp=sharing,LOKAL,2023,MOU,
https://drive.google.com/file/d/1bDomFUdJwBWPnp77fQQpeyodUUusEf-S/view?usp=sharing,LOKAL,2023,MOU,
https://drive.google.com/file/d/1bdVp4dOA3W4e6uqFfJtei1QLRWlpBAyC/view?usp=sharing,LOKAL,2023,MOU,
https://drive.google.com/file/d/1bX94VO-YO4hb5ShKl_CrbtrXKrovG_vX/view?usp=sharing,LOKAL,2023,MOU,
https://drive.google.com/file/d/1bcnnZH1Co_ZsQY1FKatXtHnUBL7pYMrz/view?usp=sharing,LOKAL,2023,MOU,
https://drive.google.com/file/d/1baGTTyTQa9dUQjNn0ZE6iWFsjlWnid2R/view?usp=sharing,LOKAL,2023,MOU,
https://drive.google.com/file/d/1b_SaD98JJbHLpVb6l4MEZbMb4UzBxnu4/view?usp=sharing,LOKAL,2023,MOU,
https://drive.google.com/file/d/1b0b0n-PLTJG3m_VU9d2AmzESF6Bh3Zar/view?usp=sharing,LOKAL,2023,MOU,
https://drive.google.com/file/d/1V5PCcZquwo48Hh5nUp0vbQYj5jFc42KU/view?usp=sharing,INTERNASIONAL,2023,MOU,
https://drive.google.com/file/d/1TT4UfXrxAm8PSLFkqiKUKopGX7Zor5n_/view?usp=sharing,INTERNASIONAL,2023,MOU,
https://drive.google.com/file/d/1TsfXoPjbgec2V8OHgFbP0dnyd67FMC7O/view?usp=sharing,LOKAL,2023,MOU,
https://drive.google.com/file/d/1w5VTbGV5b_APaRDWg6yitgX5VkkadyjH/view?usp=sharing,LOKAL,2023,MOU,
https://drive.google.com/file/d/1W_8j9pD4zaDIlwa6TE1ibJrYqX05Btep/view?usp=sharing,NASIONAL,2023,MOU,
https://drive.google.com/file/d/1k6xoX8gtqH6EiFwOO3iGgRyd2Qx9mubU/view?usp=sharing,LOKAL,2023,MOU,
https://drive.google.com/file/d/1dSjLRJA_7T9Ghimgj_BPfxayufQbIydk/view?usp=sharing,LOKAL,2023,MOU,
https://drive.google.com/file/d/1Mhoxy2NJHrbtIzIuDCbpewm9Iv5k9Qvq/view?usp=sharing,LOKAL,2023,MOU,
https://drive.google.com/file/d/1VxEtkm4rHb9VWM9KFz9iOKS2VSxsMC3O/view?usp=sharing,LOKAL,2023,MOU,
https://drive.google.com/file/d/1xaAWRt3CMv-YAUPhL6SOussgnBG4z4EH/view?usp=sharing,NASIONAL,2023,MOU,
https://drive.google.com/file/d/1c4tl3EIO8k8seGse8Ph0_o8ivI8kXQrz/view?usp=sharing,INTERNASIONAL,2023,PKS,Magang/ Praktik Kerja-Kampus Merdeka
https://drive.google.com/file/d/1cPOcfidQ_upj3YjkmsXje5Qf_Cj6cO2M/view?usp=sharing,INTERNASIONAL,2023,PKS,Pertukaran Mahasiswa
https://drive.google.com/file/d/1cOmH0ubVxrA6F2XthJFWw7e6D0vacmU2/view?usp=sharing,INTERNASIONAL,2023,PKS,Pertukaran Mahasiswa
https://drive.google.com/file/d/1brWHOEXfbm9h3wXP8gVVU37KcCsk7CGa/view?usp=sharing,LOKAL,2023,PKS,Pengembangan Kurikulum/Program Bersama
https://drive.google.com/file/d/1bphbS5K5RqNMj-7Da7LWZ9D5nQrzgLdH/view?usp=sharing,LOKAL,2023,PKS,Penyediaan Jasa Tenaga Ahli
https://drive.google.com/file/d/1b1MhORs66Zx6JGp3wiJKf1Tw1_pdVnUT/view?usp=sharing,NASIONAL,2023,PKS,Pengembangan Kurikulum/Program Bersama
https://drive.google.com/file/d/1bnapMqTUh93VadL9mKgSQuJ-R74w5GN4/view?usp=sharing,LOKAL,2023,PKS,Pengembangan Kurikulum/Program Bersama
https://drive.google.com/file/d/1bl5XCcO3IPyM82xWdXvqA4QoCPldOGyq/view?usp=sharing,LOKAL,2023,PKS,Pengembangan Kurikulum/Program Bersama
https://drive.google.com/file/d/1bjvt_3HfmV9X26kgSnkADlffURfXgeo-/view?usp=sharing,LOKAL,2023,PKS,Pengembangan Kurikulum/Program Bersama
https://drive.google.com/file/d/1bimMDjEcOjVrZ6kPSriJd2p0AHSKyqn3/view?usp=sharing,LOKAL,2023,PKS,Pengembangan Kurikulum/Program Bersama
https://drive.google.com/file/d/1bi1MDY8w5fVP7lGhX29clP2m9H8jT5Ja/view?usp=sharing,LOKAL,2023,PKS,Pengembangan Kurikulum/Program Bersama
https://drive.google.com/file/d/1c1aWwpEwcA-WPR9fRD7CQdrTSCp5zNZ8/view?usp=sharing,LOKAL,2023,PKS,Pengembangan Kurikulum/Program Bersama
https://drive.google.com/file/d/1c0M7Xgbma93Z4XZN5LrrGr7V0fCCoJ0S/view?usp=sharing,LOKAL,2023,PKS,Pengembangan Kurikulum/Program Bersama
https://drive.google.com/file/d/1byu_JD0frQImb5kwtqg3rSOISuI12Yxu/view?usp=sharing,LOKAL,2023,PKS,Penyediaan Jasa Tenaga Ahli
https://drive.google.com/file/d/1bw1dmtrq6uk3RTdbf8S8nQU1qgzWxt6Z/view?usp=sharing,NASIONAL,2023,PKS,Pertukaran Mahasiswa
https://drive.google.com/file/d/1b3mnf1TnXZrNEmw4H22nYkqBOmJCATFV/view?usp=sharing,LOKAL,2023,PKS,Jasa dari Mitra
https://drive.google.com/file/d/1b3fvGqd02RaBD3kdJc2DN98m1H0dOLnY/view?usp=sharing,LOKAL,2023,PKS,Jasa dari Mitra
https://drive.google.com/file/d/1bv3dQ5Ej9GOFTgTys3yuWOviRZP6FnYR/view?usp=sharing,INTERNASIONAL,2023,PKS,Pengabdian Kepada Masyarakat
https://drive.google.com/file/d/1btgRYgJii_gzftxbnj_ukBJ0kBNF-iJZ/view?usp=sharing,LOKAL,2023,PKS,Pengembangan Kurikulum/Program Bersama
https://drive.google.com/file/d/1bswMS_D8qz_m6U9AynOGXGGyvtIn5e7g/view?usp=sharing,LOKAL,2023,PKS,Pengembangan Kurikulum/Program Bersama
https://drive.google.com/file/d/1b3e7LjmDe0m3rYtpd-cVquBBgZhWjXz0/view?usp=sharing,LOKAL,2023,PKS,Jasa dari Mitra
https://drive.google.com/file/d/1bsn-F5koLKWmYbqWWSWB8ZRd3w_JJpAb/view?usp=sharing,LOKAL,2023,PKS,Pengembangan Kurikulum/Program Bersama
https://drive.google.com/file/d/1bRwbbzcyplvY4GcGtaDMOndEZvm-EYyo/view?usp=sharing,INTERNASIONAL,2023,PKS,Magang/ Praktik Kerja-Kampus Merdeka
https://drive.google.com/file/d/1ZXDyxsSfi6lnSrwPJJuG9iOyQMLBxoRH/view?usp=sharing,NASIONAL,2023,PKS,Pertukaran Mahasiswa
https://drive.google.com/file/d/1ZWXoWhZ_m_bhKvX9brN2jSxP9xoV_YiU/view?usp=sharing,NASIONAL,2023,PKS,Pertukaran Mahasiswa
https://drive.google.com/file/d/1T2hzRHXN58ZrYDu4dQEP_CYEzlBi1ceD/view?usp=sharing,INTERNASIONAL,2023,PKS,Lainnya
https://drive.google.com/file/d/1ShVu6v-Cl_Gn8PlyEypPVRFUxzrlvZgp/view?usp=sharing,INTERNASIONAL,2023,PKS,Pertukaran Mahasiswa
https://drive.google.com/file/d/1UiMdmWrDryrd421iJAOrtxPN-4Mo-juV/view?usp=sharing,LOKAL,2023,PKS,Penelitian/Riset-Kampus Merdeka
https://drive.google.com/file/d/1X32udTwf2OHx4M8_OkKZBpPJ9zFrcqE-/view?usp=sharing,LOKAL,2023,PKS,Penyediaan Jasa Tenaga Ahli
https://drive.google.com/file/d/1mY4nrKfP4Mbt1pZVR09iH588f7qK7f2_/view?usp=sharing,LOKAL,2023,PKS,Pengembangan Kurikulum/Program Bersama
https://drive.google.com/file/d/1HtWqvORTVLGnGZPwSCwHSBUC2f-bW5UN/view?usp=sharing,NASIONAL,2023,PKS,Magang/ Praktik Kerja-Kampus Merdeka
https://drive.google.com/file/d/1eGJSwl3zOdGP42q7z-3-iSURRnjQ_kGo/view?usp=sharing,LOKAL,2023,PKS,Magang/ Praktik Kerja-Kampus Merdeka
https://drive.google.com/file/d/1JHHSU0yAMY8JjJdTbCvivPEo1IjwDfOA/view?usp=sharing,LOKAL,2023,PKS,Pengembangan Sistem/Produk
https://drive.google.com/file/d/1arGJ27kEGuhwBb-PJKAE_SRxZNpkCAyd/view?usp=sharing,LOKAL,2023,PKS,Pengabdian Kepada Masyarakat
https://drive.google.com/file/d/1kvJtbtwkoGAQhwn--YMaRaytcSasg4Wc/view?usp=drive_link,LOKAL,2023,PKS,Pengabdian Kepada Masyarakat
https://drive.google.com/file/d/1kHdET5oJLC-6Gqkkm8Y9fa5cB0dXCNNt/view?usp=sharing,LOKAL,2023,PKS,Jasa dari Mitra
https://drive.google.com/file/d/1jaIRO8a9TL1i1bv-Okh9wZGe_lZb0JqZ/view?usp=sharing,LOKAL,2023,PKS,Penyelenggaraan Seminar/Konferensi Ilmiah
https://drive.google.com/file/d/1ARwV9Evqlsctd94VqqK74PtTfy6WhDGv/view?usp=sharing,LOKAL,2023,PKS,Lainnya
https://drive.google.com/file/d/1bWjnZxXmzlu2r3QeIIVZOK1hm1kcOLbK/view?usp=sharing,LOKAL,2023,PSM,Penyewaan Aset BMN
https://drive.google.com/file/d/1ZBYS11Swq66vREl9iowAkgIeigBuvhlw/view?usp=sharing,LOKAL,2023,PSM,Penyewaan Aset BMN
https://drive.google.com/file/d/1pNXR8Y6Ku9e8C1VZnK-ooOfKpkmypolp/view?usp=sharing,LOKAL,2023,PSM,Penyewaan Aset BMN
https://drive.google.com/file/d/1UUSC90u1jNf7MiRNfUdRe1HNPxMaw9oL/view?usp=sharing,LOKAL,2023,PSM,Penyewaan Aset BMN
https://drive.google.com/file/d/1UUBoKFce-XN1C8cSR2ImTsIW1bJaqqe8/view?usp=sharing,LOKAL,2023,PSM,Penyewaan Aset BMN
https://drive.google.com/file/d/1UW2p8DjSn1mwxbNLCwMX4YrcXcQ5IR8R/view?usp=sharing,LOKAL,2023,PSM,Penyewaan Aset BMN
https://drive.google.com/file/d/1UWiprmiOzMhWTpteVrTn6VW47zhzhvhb/view?usp=sharing,LOKAL,2023,PSM,Penyewaan Aset BMN
https://drive.google.com/file/d/1UVkyth4DhAVMBwVx-SvStkin7Xz3YDy4/view?usp=drive_link,LOKAL,2023,PSM,Penyewaan Aset BMN
https://drive.google.com/file/d/1umd1OwUvtEE3wti74ocZHt73kYbVOyYR/view?usp=sharing,LOKAL,2023,PSM,Penyewaan Aset BMN
https://drive.google.com/file/d/1UPk0YmiPEQX-X3p_w4gbhzHcSh8HslGH/view?usp=sharing,LOKAL,2023,KONTRAK,Penyediaan Jasa Tenaga Ahli
https://drive.google.com/file/d/1UOLRm6M_W-vYyKS-UPL4zrLe3y_oeFCa/view?usp=sharing,LOKAL,2023,KONTRAK,Penyediaan Jasa Tenaga Ahli
https://drive.google.com/file/d/1UObPY4QPQvp33BYCKt6aer5ap4K-d3gn/view?usp=sharing,LOKAL,2023,KONTRAK,Penyediaan Jasa Tenaga Ahli
https://drive.google.com/file/d/1m1njbx8yWPkaAZp701HYHyk33Ig9V3oM/view?usp=sharing,LOKAL,2023,KONTRAK,Penelitian/Riset-Kampus Merdeka
https://drive.google.com/file/d/1mOiAjTH3UTfsDVdZ_28Qtq0cmka2KyjR/view?usp=sharing,LOKAL,2023,KONTRAK,Penyediaan Jasa Tenaga Ahli
https://drive.google.com/file/d/1VQeUgQ-iFyvYQmxXqLeQ6-LWRtT0JCQy/view?usp=sharing,NASIONAL,2023,KONTRAK,Penyediaan Jasa Tenaga Ahli
https://drive.google.com/file/d/1Z1oOIXyNR0L0OxiGovDLUH8G0g9tY_iw/view?usp=drive_link,LOKAL,2024,MOU,
https://drive.google.com/file/d/1ZNGvUQe2X8hUmbrfXOkPPvOyc4LBrywi/view?usp=sharing,LOKAL,2024,MOU,
https://drive.google.com/file/d/1ZUb8Y-xb_IPbls36cp846Dx9J0F8Rnhu/view?usp=sharing,LOKAL,2024,MOU,
https://drive.google.com/file/d/1ZSV0JRBDdx7cev38D5Oo5H5DlnDbUL9j/view?usp=sharing,LOKAL,2024,MOU,
https://drive.google.com/file/d/1ZQGZx0IulQFdrBoRbCW-9cbnislaN3qb/view?usp=sharing,NASIONAL,2024,MOU,
https://drive.google.com/file/d/1ZPagi7rHCLFfNNZjmUpETYQHyWDoyLPS/view?usp=sharing,NASIONAL,2024,MOU,
https://drive.google.com/file/d/1ZOPoHxYeDfAfur5-tVd6Nxi0Xo7rFiFZ/view?usp=sharing,LOKAL,2024,MOU,
https://drive.google.com/file/d/1ZVXqXnq6jiRnUygIERi7-Mx1MuwrIY6e/view?usp=sharing,NASIONAL,2024,MOU,
https://drive.google.com/file/d/1ZVH1jHgYWJAg5lgkmW5FZZwJMOdlSzGS/view?usp=sharing,NASIONAL,2024,MOU,
https://drive.google.com/file/d/1ZY4Ae6A8wJcKOyQdFJxzEwh2Iwt8_h6E/view?usp=sharing,LOKAL,2024,MOU,
https://drive.google.com/file/d/1y2kyovs2xgSwkZU-rNBGh_Unr8hqvxoX/view?usp=sharing,NASIONAL,2024,MOU,
https://drive.google.com/file/d/1ZK9EC8LOQ-ZBJyQfnt1AnSXO7FudgTqJ/view?usp=sharing,LOKAL,2024,MOU,
https://drive.google.com/file/d/1ZK5_g6fcUUgWhHUbNY2DHA-U0YPIG8Av/view?usp=sharing,LOKAL,2024,MOU,
https://drive.google.com/file/d/1ZJ6P28iQ64_LIZQgRr_tLsd2b7mJYbSE/view?usp=sharing,LOKAL,2024,MOU,
https://drive.google.com/file/d/1ZH6bkHwZW-MGT7XL9y0oxcv9HbbVRzWx/view?usp=sharing,LOKAL,2024,MOU,
https://drive.google.com/file/d/1ZGQ_m133blZYK0apYXc66hLiYXn_MSxe/view?usp=sharing,LOKAL,2024,MOU,
https://drive.google.com/file/d/17Y7MNiMu3qciRSgXuBR6p1IrvNvujE7Q/view?usp=sharing,LOKAL,2024,MOU,
https://drive.google.com/file/d/198eAhrumupcnYA6BzsKuQNHNqZriSvDx/view?usp=sharing,LOKAL,2024,MOU,
https://drive.google.com/file/d/16aoWY04TlCZ4KztC115LpDBbx_gw5Ywo/view?usp=sharing,LOKAL,2024,MOU,
https://drive.google.com/file/d/18wBBIxDQthPdNyOyqP25dpVj6fgk1HdU/view?usp=sharing,LOKAL,2024,MOU,
https://drive.google.com/file/d/16WjGl5XO7so1Eym-EiRup4hhhwPNmy8j/view?usp=sharing,LOKAL,2024,MOU,
https://drive.google.com/file/d/18ypfMUYpgNPQtQuS94pQ8vnulf25L5es/view?usp=sharing,LOKAL,2024,MOU,
https://drive.google.com/file/d/18zrWY5MvcStsHF2xCFTYUgFeMTGZHT8P/view?usp=sharing,LOKAL,2024,MOU,
https://drive.google.com/file/d/16bs6fm4DDP2A1vKy-O5Q1rNE9fVX0Au7/view?usp=sharing,LOKAL,2024,MOU,
https://drive.google.com/file/d/16p3U3gOvgsLMHnKCADkO2_B5PTqe3kAU/view?usp=sharing,LOKAL,2024,MOU,
https://drive.google.com/file/d/16aoxf06tQA_3xsC1nTHXgN4ppLqU0Rmt/view?usp=sharing,NASIONAL,2024,MOU,
https://drive.google.com/file/d/19BIy0jw5xgJtIoldhmUbPHb-BjU7pIPT/view?usp=sharing,NASIONAL,2024,MOU,
https://drive.google.com/file/d/1i2JMvpZy-4ZENbLwL3cbsoEt2YyVJNBM/view?usp=sharing,NASIONAL,2024,MOU,
https://drive.google.com/file/d/1cTGExWxlqQKU1uBfnW2lc5a_XulDbnUR/view?usp=sharing,INTERNASIONAL,2024,MOU,
https://drive.google.com/file/d/1yFelNER2M9GxAPg6WZn6lSk9wZfQUFaX/view?usp=sharing,NASIONAL,2024,MOU,
https://drive.google.com/file/d/1_meKZb_pWQT6rKXmOfRx6P7-D-A73oDX/view?usp=sharing,LOKAL,2024,MOU,
https://drive.google.com/file/d/1UA1ZXCt35f-uPXJJsfMIC4bLNh8MedQu/view?usp=sharing,INTERNASIONAL,2024,MOU,
https://drive.google.com/file/d/1D9jbOGd9dM0lwrXSOzNWWTON185Z2xpB/view?usp=sharing,NASIONAL,2024,MOU,
https://drive.google.com/file/d/13zdD-tWWYEqmLAOW0Tnvrd4-Ng9wFMWW/view?usp=sharing,INTERNASIONAL,2024,MOU,
https://drive.google.com/file/d/1c0uFstE2uMM2S3l-d1IsEQFtBpWhO-dV/view?usp=sharing,LOKAL,2024,PKS,Jasa dari Mitra
https://drive.google.com/file/d/1Z3RgZxR_FGlMa8RJF6PrYrGmXWLigCJx/view?usp=sharing,LOKAL,2024,PKS,Pengembangan Sistem/Produk
https://drive.google.com/file/d/1Z2bL3Bn21Ces7olSmOZVngm6v4kkGg6O/view?usp=sharing,NASIONAL,2024,PKS,Pertukaran Mahasiswa
https://drive.google.com/file/d/1ZLRT61x4UUiF3JB54kpfh5LJH9Bgx6bM/view?usp=sharing,LOKAL,2024,PKS,Pengembangan Kurikulum/Program Bersama
https://drive.google.com/file/d/1ZFRYNm4OSGCRJf2QhS_FOTznBma_hQAo/view?usp=sharing,LOKAL,2024,PKS,Lainnya
https://drive.google.com/file/d/1ZPsjPLyR7tqVVz505IBeiLdagRHEGwsO/view?usp=sharing,NASIONAL,2024,PKS,Penelitian Bersama
https://drive.google.com/file/d/1ZPEQFDWY2NpnQyaTG228o4DMUvbFnLkY/view?usp=sharing,LOKAL,2024,PKS,Jasa dari Mitra
https://drive.google.com/file/d/1ZO-PpmMRKW3JUKl9DhmtUDvd1jzveRv4/view?usp=sharing,LOKAL,2024,PKS,Jasa dari Mitra
https://drive.google.com/file/d/1ZNwP4wcoovSfEL6g1xMQetg9JUCBQcqt/view?usp=sharing,LOKAL,2024,PKS,Pengabdian Kepada Masyarakat
https://drive.google.com/file/d/1ZXdbaekpRH3sMOJEe7V5dV6CNSC4M1c4/view?usp=sharing,LOKAL,2024,PKS,Lainnya
https://drive.google.com/file/d/1ZVb-9ol1NPT6VpqDQUF63IA6_9DHlkK6/view?usp=sharing,LOKAL,2024,PKS,Pengabdian Kepada Masyarakat
https://drive.google.com/file/d/175ts04C_RWaTSEC8UKti9QSvjSPQR6QY/view?usp=sharing,LOKAL,2024,PKS,Pengabdian Kepada Masyarakat
https://drive.google.com/file/d/1zp-NXEJPljwntOkfkTyG-ScHiWAr6usJ/view?usp=sharing,LOKAL,2024,PKS,Pengabdian Kepada Masyarakat
https://drive.google.com/file/d/1mH7oxI4qQiMJgXOswuRJf_aqBtSUKgW3/view?usp=sharing,LOKAL,2024,PKS,Pengabdian Kepada Masyarakat
https://drive.google.com/file/d/1m7oNX6-3L8q_3UcoEUQN8KCXKqmxMqMF/view?usp=sharing,LOKAL,2024,PKS,Penyediaan Jasa Tenaga Ahli
https://drive.google.com/file/d/1mFrpLcUTZ6OnlEdmfdqF_1lb-3do0ON1/view?usp=sharing,INTERNASIONAL,2024,PKS,Pengabdian Kepada Masyarakat
https://drive.google.com/file/d/1mB90FZafGquQGDJIQlmsJ0DuzG4-OpMG/view?usp=sharing,INTERNASIONAL,2024,PKS,Pengabdian Kepada Masyarakat
https://drive.google.com/file/d/1mPK4xO2wOYjUvb7MGACPkyBsMZscYvpw/view?usp=sharing,LOKAL,2024,PKS,Pengabdian Kepada Masyarakat
https://drive.google.com/file/d/1mMvdP1H0myGK4YFdsdb6lHo8NDhVyuZN/view?usp=sharing,LOKAL,2024,PKS,Pengabdian Kepada Masyarakat
https://drive.google.com/file/d/1mL26q-1e2gFTNDvRkEBBWsg6jr8a2Al5/view?usp=sharing,LOKAL,2024,PKS,Pengabdian Kepada Masyarakat
https://drive.google.com/file/d/1mRcl6iTWx-IDoHOaZ08q4rjdJmMGNX7y/view?usp=sharing,LOKAL,2024,PKS,Jasa dari Mitra
https://drive.google.com/file/d/1mYABUF40K--EY4RPBzL3iWr27qznSwC_/view?usp=sharing,NASIONAL,2024,PKS,Magang/ Praktik Kerja-Kampus Merdeka
https://drive.google.com/file/d/1mVmM_fg2aeyKvyDVQ9OBaNLinUQdYjUl/view?usp=sharing,NASIONAL,2024,PKS,Pelatihan
https://drive.google.com/file/d/1mWvwidQKN9fbOX88wptXcFMC4BazX8LN/view?usp=sharing,LOKAL,2024,PKS,Pengabdian Kepada Masyarakat
https://drive.google.com/file/d/1mcS_ngyyErJ_gDjANlN-iZbmXjbLFGxS/view?usp=sharing,LOKAL,2024,PKS,Penyediaan Jasa Tenaga Ahli
https://drive.google.com/file/d/1mcKjH0GR482h5eQhUuptP8BVjKGFZlGM/view?usp=sharing,LOKAL,2024,PKS,Jasa dari Mitra
https://drive.google.com/file/d/1mcvAfc-vdt1bX6WHjelVi_nri8xJtwjq/view?usp=sharing,NASIONAL,2024,PKS,Jasa dari Mitra
https://drive.google.com/file/d/1ESizFyz6Y_XiBHpWlHc025WbnzEV-sgk/view?usp=sharing,NASIONAL,2024,PKS,Pengembangan Sistem/Produk
https://drive.google.com/file/d/1ADU8ADuNkhPrhkj2R1mX69pC1fu1nFQq/view?usp=sharing,LOKAL,2024,PKS,Pengabdian Kepada Masyarakat
https://drive.google.com/file/d/1A_cmMrrPmSU_xgEbCC7uITt_YTyYSWgZ/view?usp=sharing,LOKAL,2024,PKS,Pengabdian Kepada Masyarakat
https://drive.google.com/file/d/1O53Oh_aPs8VHUqI9juHi5Cb5rqXDYLKd/view?usp=sharing,LOKAL,2024,PKS,Pengabdian Kepada Masyarakat
https://drive.google.com/file/d/17fH8u9lhkIvEAHqT1VgVs1j7GukXXPU7/view?usp=sharing,LOKAL,2024,PKS,Pengabdian Kepada Masyarakat
https://drive.google.com/file/d/1N0VYZZ8CRjUDZHLF-5IYv2zkg8__TXU2/view?usp=sharing,LOKAL,2024,PKS,Pengabdian Kepada Masyarakat
https://drive.google.com/file/d/197WAu4hvdwqF33JLyVyRqavJbF9qW9g-/view?usp=sharing,LOKAL,2024,PKS,Pengabdian Kepada Masyarakat
https://drive.google.com/file/d/19RM2AxMAQvn1cMZIeMBJEVWgB1x0EFTo/view?usp=sharing,LOKAL,2024,PKS,Pengabdian Kepada Masyarakat
https://drive.google.com/file/d/19QVNMDTv9vG8BHQbk9-oQTrKM2TYvxjc/view?usp=sharing,LOKAL,2024,PKS,Pengabdian Kepada Masyarakat
https://drive.google.com/file/d/1O6Y60HEyauNAXwKDWNATL9Xb49fwll7V/view?usp=sharing,LOKAL,2024,PKS,Pengabdian Kepada Masyarakat
https://drive.google.com/file/d/1N3RJTiqCRadpRhbxWmqKm4jJRk5WNkIn/view?usp=sharing,LOKAL,2024,PKS,Pengabdian Kepada Masyarakat
https://drive.google.com/file/d/1A_wKRigKz25zYQH4BsvQdvmTcMhKvpYy/view?usp=sharing,LOKAL,2024,PKS,Pengabdian Kepada Masyarakat
https://drive.google.com/file/d/19XtCvIMD6f5b-Ywm0C_KsnymZETVsapO/view?usp=sharing,LOKAL,2024,PKS,Pengabdian Kepada Masyarakat
https://drive.google.com/file/d/19cxz2guDr0GiVHzO4cAnl2NymfmGwPUZ/view?usp=sharing,LOKAL,2024,PKS,Pengabdian Kepada Masyarakat
https://drive.google.com/file/d/18dYipM7z5audILcMYi4iP9SbOVOLFViC/view?usp=sharing,LOKAL,2024,PKS,Pengabdian Kepada Masyarakat
https://drive.google.com/file/d/1AgDZp6hZ8d5kJPzxMShJGl0S7HxHQfax/view?usp=sharing,LOKAL,2024,PKS,Pengabdian Kepada Masyarakat
https://drive.google.com/file/d/17SIa8VVAQI5Wpm5-Tu-YPusbx0_VGTxK/view?usp=sharing,LOKAL,2024,PKS,Pengabdian Kepada Masyarakat
https://drive.google.com/file/d/18vn-J_KM_nIdS3yVu7wpdmJwqmYwxUgH/view?usp=sharing,LOKAL,2024,PKS,Pengabdian Kepada Masyarakat
https://drive.google.com/file/d/17mI0WHgDl6rXqqZUcMrpuHhldvrgbnOG/view?usp=sharing,LOKAL,2024,PKS,Pengabdian Kepada Masyarakat
https://drive.google.com/file/d/19ldq9K8Ylnmhd8RU3qeUImUA-GtZ3f9S/view?usp=sharing,LOKAL,2024,PKS,Pengabdian Kepada Masyarakat
https://drive.google.com/file/d/18Yzrv4pm16XhKRLcLtueDLPIgbFEwwoa/view?usp=sharing,LOKAL,2024,PKS,Pengabdian Kepada Masyarakat
https://drive.google.com/file/d/18It-8ls56TvDLpn5TJJAY3H49aRg1MZw/view?usp=sharing,LOKAL,2024,PKS,Pengabdian Kepada Masyarakat
https://drive.google.com/file/d/1A6Kabq9s9mBcHMaHhA3_UKQVEvkS7WcG/view?usp=sharing,LOKAL,2024,PKS,Pengabdian Kepada Masyarakat
https://drive.google.com/file/d/18OEZBfWyHnbFTQFaQKiZYdEVn9KmN05f/view?usp=sharing,NASIONAL,2024,PKS,Pengabdian Kepada Masyarakat
https://drive.google.com/file/d/19OlpY2-ipNrGgZd3P1o8QP-oz9SZqGTr/view?usp=sharing,LOKAL,2024,PKS,Pengabdian Kepada Masyarakat
https://drive.google.com/file/d/1932-K5wMlgrZvWH9ytsPCZkvQFobHFzT/view?usp=sharing,LOKAL,2024,PKS,Pengabdian Kepada Masyarakat
https://drive.google.com/file/d/19K5MwqsWAi_wkORQjiYQAR-vjlK_iAoR/view?usp=sharing,LOKAL,2024,PKS,Pengabdian Kepada Masyarakat
https://drive.google.com/file/d/17F7VcYZqnxqKAE5pRumC9eOpeSVXBado/view?usp=sharing,LOKAL,2024,PKS,Pengabdian Kepada Masyarakat
https://drive.google.com/file/d/17PuvUUOqcaq25wmJ3jV68iyQc29FJfQy/view?usp=sharing,LOKAL,2024,PKS,Pengabdian Kepada Masyarakat
https://drive.google.com/file/d/19-EN0vVAEQFXTACrzxowqU6Zg0_gpE8U/view?usp=sharing,LOKAL,2024,PKS,Pengabdian Kepada Masyarakat
https://drive.google.com/file/d/179u0AT9MeMo2s-Fgw00Pr-HRagPs_pYf/view?usp=sharing,LOKAL,2024,PKS,Pengabdian Kepada Masyarakat
https://drive.google.com/file/d/1O1Rd6JXYE3nFsb26laXATJfYRm3-xiMa/view?usp=sharing,LOKAL,2024,PKS,Pengabdian Kepada Masyarakat
https://drive.google.com/file/d/1CvqoDEg8vIfuuLQGZVaKlsppah9UAeEV/view?usp=sharing,LOKAL,2024,PKS,Penyediaan Jasa Tenaga Ahli
https://drive.google.com/file/d/1TIw2QU9w9KnmINy8YO0l2hKkVbU2LhrK/view?usp=sharing,INTERNASIONAL,2024,PKS,Lainnya
https://drive.google.com/file/d/1TU-YAvrtzE9Z3qicfOBIBe2grblXBDrG/view?usp=sharing,LOKAL,2024,PKS,Penyewaan Aset BMN
https://drive.google.com/file/d/1061Md0CfK1mFbZaQjFleVsWISakuT_lS/view?usp=sharing,NASIONAL,2024,PKS,Jasa dari Mitra
https://drive.google.com/file/d/17w88kTp_Baa6DSPxYwrMWq5Uw1bxTzvo/view?usp=sharing,NASIONAL,2024,PKS,Lainnya
https://drive.google.com/file/d/1wD0NxDpKsEFSZU1PwzA6PekvZYQ6SlDr/view?usp=sharing,INTERNASIONAL,2024,PKS,Magang/ Praktik Kerja-Kampus Merdeka
https://drive.google.com/file/d/1QAO2PyF_Z6Cfoe689juw9KuhwnmpaNIk/view?usp=sharing,LOKAL,2024,PKS,Penyediaan Jasa Tenaga Ahli
https://drive.google.com/file/d/1PCzPteCGD_s0SiVytIfJks8eokTF4wcL/view?usp=sharing,LOKAL,2024,PKS,Penyediaan Jasa Tenaga Ahli
https://drive.google.com/file/d/1JL9y33I5cs_bPgQMXog5pm2xddMp8CAE/view?usp=sharing,LOKAL,2024,PKS,Magang/ Praktik Kerja-Kampus Merdeka
https://drive.google.com/file/d/1V2DU4boGoB1h9XvYZORU3vwwH7_4GVjG/view?usp=sharing,INTERNASIONAL,2024,PKS,Gelar Ganda (Dual Degree)
https://drive.google.com/file/d/1s8wGhktTOET5dRpFNoMZrINd_zJUwo16/view?usp=sharing,LOKAL,2024,PKS,Pengabdian Kepada Masyarakat
https://drive.google.com/file/d/1dXmmCTgMXK5RiNhG0zypGATFcJoXqkIB/view?usp=sharing,LOKAL,2024,PKS,Pengabdian Kepada Masyarakat
https://drive.google.com/file/d/1CNcswlRmtprimGSGZkKLx7av-P82-MeS/view?usp=sharing,LOKAL,2024,PKS,Penelitian Bersama
https://drive.google.com/file/d/1KyS3YmnoilvkHGy6JzoC9AxsleuoLMhq/view?usp=sharing,LOKAL,2024,PSM,Penyewaan Aset BMN
https://drive.google.com/file/d/17n52FSDK89JLWYUPtB4j7GOWxJ40AsvL/view?usp=sharing,LOKAL,2024,PSM,Penyewaan Aset BMN
https://drive.google.com/file/d/1kryyPRLaJrdYPEmotmDWCGJhzpOgNvIQ/view?usp=sharing,LOKAL,2024,PSM,Penyewaan Aset BMN
https://drive.google.com/file/d/13BWQppcybj7wvf6PKijiIKLT-Fl9MoNZ/view?usp=sharing,LOKAL,2024,PSM,Penyewaan Aset BMN
https://drive.google.com/file/d/13Cnmd2x6VefsBhCcxCe-co7tFF5hspC6/view?usp=drive_link,LOKAL,2024,PSM,Penyewaan Aset BMN
https://drive.google.com/file/d/1C77Na97eHr8U39tiLS9bTp31TGv7KPOc/view?usp=sharing,LOKAL,2024,PSM,Penyewaan Aset BMN
https://drive.google.com/file/d/1UBLGuKzflU3hyhg2Fsdzcvx3D-3vEjdy/view?usp=sharing,LOKAL,2024,PSM,Penyewaan Aset BMN
https://drive.google.com/file/d/1mNLPzx8wPz5URA7nf2p5eNKZckY_HRim/view?usp=sharing,LOKAL,2024,KONTRAK,Penyediaan Jasa Tenaga Ahli
https://drive.google.com/file/d/19P1EpOqVBdsXcxaxxzkbTuGg_YreBnn2/view?usp=sharing,LOKAL,2024,KONTRAK,Penyediaan Jasa Tenaga Ahli
https://drive.google.com/file/d/1fxCZ3oZ75ighP8745YdFKw6PI-7AF3SN/view?usp=sharing,NASIONAL,2024,KONTRAK,Penyediaan Jasa Tenaga Ahli
https://drive.google.com/file/d/14TxaSBIfpqTXZ0EYJkDUS3fA9UltS6Is/view?usp=sharing,NASIONAL,2024,KONTRAK,Penelitian/Riset-Kampus Merdeka
https://drive.google.com/file/d/107ttdiHAVsUjKyyZg_2O2OK4obqMGl6w/view?usp=sharing,NASIONAL,2024,KONTRAK,Penelitian/Riset-Kampus Merdeka
https://drive.google.com/file/d/1s1sHJ9zMOI8cn9DSzIo0OhtFtPnEyH3y/view?usp=sharing,NASIONAL,2024,KONTRAK,Penelitian/Riset-Kampus Merdeka
https://drive.google.com/file/d/19D9XCZoOwLgKrCnSLi6cJqXzV702Q8qr/view?usp=sharing,NASIONAL,2024,KONTRAK,Penelitian/Riset-Kampus Merdeka
https://drive.google.com/file/d/16aAkGyL98LpavEpFIv-sxSkxzJu6iM32/view?usp=sharing,NASIONAL,2024,KONTRAK,Penelitian/Riset-Kampus Merdeka
https://drive.google.com/file/d/1Z9N6cQkQBbkXLN2kaj2mi8K3PO1Ic18R/view?usp=sharing,INTERNASIONAL,2025,MOU,
https://drive.google.com/file/d/1vwvgwRLervaThWxFiDnMLHmS40GylWF3/view?usp=sharing,NASIONAL,2025,MOU,
https://drive.google.com/file/d/1sI2LNq89jfHmFUsjceXXNt_uBji7-XX1/view?usp=sharing,NASIONAL,2025,MOU,
https://drive.google.com/file/d/11WXLxMD5P6H_r7od97foRBBudLK8IBxX/view?usp=sharing,NASIONAL,2025,MOU,
https://drive.google.com/file/d/1G6nafhNZGpz0cD10qCVq2ZAVLjTwj0j9/view?usp=sharing,LOKAL,2025,MOU,
https://drive.google.com/file/d/1cIPFnhoPMBVlpSDhNJzYHp027wXFqbGK/view?usp=sharing,NASIONAL,2025,MOU,
https://drive.google.com/file/d/1xRT4mtcXm3yz8jSpSNLimU14k4J0vStj/view?usp=drive_link,LOKAL,2025,MOU,
https://drive.google.com/file/d/1Cx-_uvRTGV0uWuHTsI6t9avt8_qjN71z/view?usp=sharing,INTERNASIONAL,2025,MOU,
https://drive.google.com/file/d/1i5k1ZQDNJcfeysB8eMPSX0X6OwlyivsR/view?usp=drive_link,LOKAL,2025,MOU,Lainnya
https://drive.google.com/file/d/1rPojCPgQIe7bEdErYNX3UvM9vTKPblpF/view?usp=sharing,LOKAL,2025,MOU,Magang/ Praktik Kerja-Kampus Merdeka
https://drive.google.com/file/d/1wNupQgUImV9C91kcDJbl4p5Ye_zYCma0/view?usp=drive_link,NASIONAL,2025,MOU,
https://drive.google.com/file/d/1swxTngiLiAwLcVSV-ZAlB3V4j351Dhhu/view?usp=sharing,LOKAL,2025,MOU,
https://drive.google.com/file/d/1CMhbRSizqFc5vuwdSjCgCjKpcxPtJ5UZ/view?usp=sharing,INTERNASIONAL,2025,PKS,Penyelenggaraan Seminar/Konferensi Ilmiah
https://drive.google.com/file/d/1VbpplqX_On548LrhOiIsDeUr0zU3fgaU/view?usp=sharing,LOKAL,2025,PKS,Pengabdian Kepada Masyarakat
https://drive.google.com/file/d/1gHPIA6gBWj03TT59if6m550VKVE5_w7P/view?usp=sharing,INTERNASIONAL,2025,PKS,Pemagangan
https://drive.google.com/file/d/1ZmBD4iqDy0bagSpruYC4RaKEy_AMvlwF/view?usp=sharing,LOKAL,2025,PKS,Penyediaan Jasa Tenaga Ahli
https://drive.google.com/file/d/1i5x_ZU1DIRIQbpCN0orycBAvvyauKGbR/view?usp=sharing,NASIONAL,2025,PKS,Jasa dari Mitra
https://drive.google.com/file/d/1_4lTScKrqxNjQwtBecXJ9xlyk4iXsBZ4/view?usp=sharing,LOKAL,2025,PKS,Pengabdian Kepada Masyarakat
https://drive.google.com/file/d/1Ioqa07Ht_qH-XQ68szGNc0YQQ9Xcyuh9/view?usp=sharing,LOKAL,2025,PKS,Jasa dari Mitra
https://drive.google.com/file/d/1R4pfPGyYSmS3akuMZUzCB9gLfpQNM2xb/view?usp=sharing,LOKAL,2025,PKS,Jasa dari Mitra
https://drive.google.com/file/d/1TQJKE2L0tU-PpMCCNn2-B3KoxSOgrjeE/view?usp=sharing,INTERNASIONAL,2025,PKS,Penerbitan Berkala Ilmiah
https://drive.google.com/file/d/1pbMyUWG93ItIrrMl1jAGTd295Aju7sY2/view?usp=sharing,LOKAL,2025,PKS,Pengabdian Kepada Masyarakat
https://drive.google.com/file/d/1Qf_kHzyAraSs7mwZl3YHWf1Z3y83FPkW/view?usp=sharing,LOKAL,2025,PKS,Pengabdian Kepada Masyarakat
https://drive.google.com/file/d/1RgMBPyzXAGF8dcLmnc8yp5KGQNqZiWbP/view?usp=sharing,LOKAL,2025,PKS,Pengabdian Kepada Masyarakat
https://drive.google.com/file/d/1WEDls9YxBvHasv0ITpCq4qFA_X2PFkzF/view?usp=sharing,LOKAL,2025,PKS,Pengabdian Kepada Masyarakat
https://drive.google.com/file/d/1RNDAF9T6cQXdNiqy3Fivsr6jDKH9u5Y4/view?usp=sharing,LOKAL,2025,PKS,Pengabdian Kepada Masyarakat
https://drive.google.com/file/d/1gOFpV5ynBuix1-5qHYdf74aVBg5FUl-z/view?usp=drive_link,NASIONAL,2025,PKS,Pengabdian Kepada Masyarakat
https://drive.google.com/file/d/1X1g5M61lhyZCLaSSy_Amc6ldn8deFJ3R/view?usp=sharing,LOKAL,2025,PKS,Pengabdian Kepada Masyarakat
https://drive.google.com/file/d/14OXRTuFO527o4JWrGtxeRkwbtTIr-KvT/view?usp=sharing,LOKAL,2025,PKS,Pengabdian Kepada Masyarakat
https://drive.google.com/file/d/1nOJXNnkatyw3B3iIs0KIRDURbg8RFouF/view?usp=sharing,LOKAL,2025,PKS,Penyewaan Aset BMN
https://drive.google.com/file/d/15AT-tG2upuBoxtg2kJ_QqsVVMAyK-Wsd/view?usp=sharing,LOKAL,2025,PKS,Pengabdian Kepada Masyarakat
https://drive.google.com/file/d/1YMdCwNwFM4WNRxJJlXquCtkc9pz9na2E/view?usp=sharing,LOKAL,2025,PKS,Pengabdian Kepada Masyarakat
https://drive.google.com/file/d/1PDwvaYQ4WIF6n-UMbKKn--H-Fr70W6_M/view?usp=sharing,LOKAL,2025,PKS,Pengabdian Kepada Masyarakat
https://drive.google.com/file/d/1PvjyyZ3jah1jm-H7YOISIc2yYM9_pEbH/view?usp=sharing,LOKAL,2025,PKS,Pengabdian Kepada Masyarakat
https://drive.google.com/file/d/1OlkdrhrjTH8EO7BilOiFrL6qPwtdl2zn/view?usp=drive_link,LOKAL,2025,PKS,Pengabdian Kepada Masyarakat
https://drive.google.com/file/d/1IWBUqAz2fS_PpVaFF5HPTqM1AHJg3wNQ/view?usp=sharing,LOKAL,2025,PKS,Pengabdian Kepada Masyarakat
https://drive.google.com/file/d/1UfPH6_fHToKOHF6ZXmyF9t2JDZ_-jem0/view?usp=drive_link,LOKAL,2025,PKS,Pengabdian Kepada Masyarakat
https://drive.google.com/file/d/1QAPdkSDWenwSL5fJshWHRfSr8MUMzx1f/view?usp=sharing,LOKAL,2025,PKS,Pengabdian Kepada Masyarakat
https://drive.google.com/file/d/12fYam89jVSZExkg2hVs_tlwG1UtSTYnt/view?usp=sharing,NASIONAL,2025,PKS,Pelatihan
https://drive.google.com/file/d/1K3oQCNx-u51_5bu7whtMWQ4HPOmNVi6T/view?usp=drive_link,LOKAL,2025,PKS,Pengabdian Kepada Masyarakat
https://drive.google.com/file/d/1K8aBgEwJ6bhLhSCuzJYCfbY0QNDwCVof/view?usp=sharing,LOKAL,2025,PKS,Magang/ Praktik Kerja-Kampus Merdeka
https://drive.google.com/file/d/1mfoXdYm_zdGAyuBomuEk2Vj-jS2X5eQH/view?usp=sharing,NASIONAL,2025,PKS,Pelatihan Dosen dan Instruktur
https://drive.google.com/file/d/1XAbe2YmIgDM9sYThOj6f0cwFqeqHyzgS/view?usp=sharing,LOKAL,2025,PKS,Penyewaan Aset BMN
https://drive.google.com/file/d/1qZ3DPwI2D1AjV4DfrCzX--KvZvhlF9xA/view?usp=sharing,LOKAL,2025,PKS,Pengabdian Kepada Masyarakat
https://drive.google.com/file/d/1Q00BdsN5lRMb-3SpvzicSOMoaYLX51wK/view?usp=drive_link,LOKAL,2025,PKS,Magang/ Praktik Kerja-Kampus Merdeka
https://drive.google.com/file/d/10gF9fIQvW889oPi3XAWvnmSdiyjGMt_E/view?usp=drive_link,LOKAL,2025,PKS,Magang/ Praktik Kerja-Kampus Merdeka
https://drive.google.com/file/d/1A38fBIUWML002jukezaiPOLhY0TXnT1J/view?usp=drive_link,LOKAL,2025,PKS,Pemagangan
https://drive.google.com/file/d/1sBIJLjvwTLvb2pq6q_kzAM5jU9YZd67p/view?usp=drive_link,LOKAL,2025,PKS,Pengabdian Kepada Masyarakat
https://drive.google.com/file/d/1ued_bIQn9cpH8srB-R4ycCQoRvi5eZZh/view?usp=drive_link,LOKAL,2025,PKS,Jasa dari Mitra
https://drive.google.com/file/d/13DxZi1Ht9vDsENMs1CmgsBOQw8YP2URQ/view?usp=sharing,LOKAL,2025,PSM,Penyewaan Aset BMN
https://drive.google.com/file/d/1vTidF6IZD6nT5A4O34ihrZoF53iGyBup/view?usp=sharing,LOKAL,2025,PSM,Penyewaan Aset BMN
https://drive.google.com/file/d/1yTEiUmTARKxAe2Kk8hS1qnc79ID9JoE1/view?usp=sharing,LOKAL,2025,PSM,Penyewaan Aset BMN
https://drive.google.com/file/d/1QcJVOQn_YgpHJMF4kYVN_dzGe6sUyCF9/view?usp=sharing,NASIONAL,2025,KONTRAK,Penyediaan Jasa Tenaga Ahli
https://drive.google.com/file/d/1w-YfXjEVqXrXjuPapPdH9GHcELxC38HC/view?usp=sharing,LOKAL,2025,KONTRAK,Penyediaan Jasa Tenaga Ahli
https://drive.google.com/file/d/1f4U1ZsU1rKGrXPxq0q8fNIfM8N0Xb3rl/view?usp=sharing,LOKAL,2026,MOU,
https://drive.google.com/file/d/1v3PwoQX4ZvS4m-Lw51p5WJ9VHLfzWw9Z/view?usp=drive_link,INTERNASIONAL,2026,PKS,Penyelenggaraan Seminar/Konferensi Ilmiah
https://drive.google.com/file/d/1IATDtkd_zFVO-8E2a4nEYPR78hfTy3vX/view?usp=drive_link,LOKAL,2026,PKS,Magang/ Praktik Kerja-Kampus Merdeka
https://drive.google.com/file/d/1Zp8WVuxv-tALBlLRfbVx_akDoaQWVMo9/view?usp=drive_link,LOKAL,2026,PSM,Penyewaan Aset BMN
https://drive.google.com/file/d/1WbFzV2ghtRCfvEJUsNsEEmJHDonnA8v7/view?usp=drive_link,LOKAL,2026,,Penyewaan Aset BMN
