id,kategori_kegiatan,nama_kegiatan,nilai_kontrak,sasaran_kegiatan,indikator_kinerja,link_dokumentasi,dok_laporan_kegiatan,tgl_mulai,tgl_selesai,output,outcome,pic,link_pengajuan_kerjasama,foto_kegiatan,sub_kategori,deskripsi_kegiatan,kategori_nilai_kontrak,wilayah_kerjasama
fb569fe7,Pelatihan,Digital Talent Scholarship Tahun 2021,32610000,,,,,,,,,,,,,,,
b1b4ae5a,Pengabdian Kepada Masyarakat,Penerapan Teknologi Tepat Guna Mesin Proses Pembuatan Pakan Ternak pada Kelompok Ternak Unggas di Desa Rasau Jaya Tiga Kecamatan Rasau Jaya Kabupaten Kubu Raya,,Meningkatnya kualitas dosen pendidikan tinggi,Penerapan riset dosen,,,,,,,,,,,,,
1e8f39a0,Pengabdian Kepada Masyarakat,Pengabdian Kepada Masyarakat,,Meningkatnya kualitas dosen pendidikan tinggi,Dosen di luar kampus,,,,,,,,,,,,,
9d18bb64,Pengabdian Kepada Masyarakat,"Pemanfaatan AI-Yayasan sebagai aplikasi pendukung penganggaran, administrasi, dan keuangan di Yayasan Menebar Cahaya Ilmu",,Meningkatnya kualitas dosen pendidikan tinggi,Dosen di luar kampus,https://drive.google.com/drive/folders/1X6RxOEmnhNqhYTRzGxtKMHEQFHwyCB6-,,,,,,,,,,,,
15aa3417,Pengabdian Kepada Masyarakat,Pelatihan peningkatan literasi akuntansi dan housekeeping homestay di Desa Wisata Sungai Deras,,Meningkatnya kualitas dosen pendidikan tinggi,Dosen di luar kampus,https://drive.google.com/drive/folders/1GdgG3k7DfdBBIXRvjZrKWI6dp1UFaaL0,,,,,,,,,,,,
995bcea7,Pengabdian Kepada Masyarakat,Penyusunan Standar Operasional Prosedur Resiko Bisnis Guna Mewujudkan Good Corporate Governance sebagai Bentuk Implementasi Peraturan Daerah Kalimantan Barat Nomor 3 Tahun 2023 Pada Perusahaan Umum Daerah Aneka Usaha Provinsi Kalimantan Barat,,Meningkatnya kualitas dosen pendidikan tinggi,Dosen di luar kampus,https://drive.google.com/file/d/1gAEBb4swecCzUe1p5EVIMnSxgFmWOL0s/view?usp=sharing ,,,,,,,,,,,,
a8b525bb,Pengabdian Kepada Masyarakat,"Survey dan Checklist Kesiapan Pasar Ber-SNI Untuk Pasar Rakyat di Kota Pontianak (Bersama Dinas Koperasi, Usaha Mikro dan Perdagangan Kota Pontianak)",,Meningkatnya kualitas dosen pendidikan tinggi,Dosen di luar kampus,https://drive.google.com/drive/folders/1t37xVnKbaV-48cSaeI0M0TPF_6PmzBbl,,,,,,,,,,,,
72bd4670,Pengabdian Kepada Masyarakat,Implementasi Akuntansi Masjid Dalam Pengelolaan Keuangan Berbasis Web,,Meningkatnya kualitas dosen pendidikan tinggi,Dosen di luar kampus,https://drive.google.com/file/d/1t2UBNYEid5PWwTGka_l_33QoX1AdjoKo/view,,,,,,,,,,,,
da0e4e43,Pengabdian Kepada Masyarakat,Training on Creating 3D Virtual Tours in Improving Brand Marketing,,Meningkatnya kualitas dosen pendidikan tinggi,Dosen di luar kampus,https://drive.google.com/drive/folders/1Ry9yEWdUkoJ2Fdfuutf2jglPMTTdy5S0,,,,,,,,,,,,
abfdc801,Pengabdian Kepada Masyarakat,Penerapan Sistem Akuntansi Kas Pada UMKM Toko Sembako Edi dan Toko Sembako Habibi,,Meningkatnya kualitas dosen pendidikan tinggi,Dosen di luar kampus,https://drive.google.com/drive/folders/1cgZrZOsmnVucn9ibdvFWyyAwAG0LCZuR,,,,,,,,,,,,
ae55266e,Pengabdian Kepada Masyarakat,Sosialisasi Aplikasi SPION (Sistem Pembukuan UMKM Online) Bagi Pelaku UMKM,,Meningkatnya kualitas dosen pendidikan tinggi,Penerapan riset dosen,https://drive.google.com/file/d/18wz7cf1oFJNsoS_Sh5rbhIiRdLzilteA/view,,,,,,,,,,,,
3aaee13f,Pengabdian Kepada Masyarakat,Implementasi Aplikasi Bimbingan Tugas Akhir Secara Online Pada Jurusan Akuntansi Politeknik Negeri Pontianak,,Meningkatnya kualitas dosen pendidikan tinggi,Penerapan riset dosen,https://drive.google.com/file/d/1tteB3P6sMsHN8cgmPoOByvVhUhyk2_3k/view,,,,,,,,,,,,
9f1e6e18,Lainnya,School And Campus Activation Program,,,,https://drive.google.com/drive/folders/11-EPKO-f7C_JhV7k4wyrjuRoO1-03oUy,,,,,,,,,,,,
81dd0347,Pelatihan Dosen dan Instruktur,Diklat dan Sertifikasi Kompetensi Accurate Profesional,17000000,Meningkatnya kualitas dosen pendidikan tinggi,Kualifikasi dosen,https://drive.google.com/drive/folders/1G3PzYhs1avnbOybWpPIg6CimGtSBFqp4?usp=drive_link,,,,,,,,,,,,
4e2b1c8e,Pelatihan Dosen dan Instruktur,Diklat dan Sertifikasi Internasional ITS Data Science,17000000,Meningkatnya program studi yang berkualitas,Persentase Prodi bekerjasama dengan mitra,https://drive.google.com/drive/folders/1kuY84Avg16mqSN4HJR6v_XDPvVT3SwyB,,,,,,,,,,,,
29adf3dd,Pengabdian Kepada Masyarakat,Penerapan Teknologi Tepat Guna Automatic Feeder (AF) sebagai Upaya Peningkatan Kompetensi Bagi Pembudidaya Ikan di Desa Jaras Kabupaten Kapuas Hulu,,Meningkatnya kualitas dosen pendidikan tinggi,Penerapan riset dosen,https://docs.google.com/document/d/1LFwsqQozB_aC3D7YNxhhUbOyx_zxeB5b/edit?tab=t.0,,,,,,,,,,,,
4a0a821d,Pertukaran Mahasiswa,Magang Mahasiswa Perancis,,Meningkatnya kualitas kurikulum dan pembelajaran,Kemitraan Program Studi,,,,,,,,,,,,,
fe1f4964,Penyelenggaraan Seminar/Konferensi Ilmiah,Seminar INTACT Base Taiwan 2025: Workshop Perencanaan Karir bagi Mahasiswa dan Alumni Perguruan Tinggi di Indonesia melalui Program Beasiswa (S1-S2) INTENSE Program,,Meningkatnya kualitas lulusan pendidikan tinggi,Kesiapan kerja lulusan,https://drive.google.com/drive/folders/1OFgbC48pwHTVDtDQEPymBkt80ksfq2zx?usp=sharing,,,,,,,,,,,,
81b69a48,Pengabdian Kepada Masyarakat,Sosialisasi Pengambilan Keputusan Jurusan Kuliah Menggunakan Sistem Berbasis Web,,Meningkatnya kualitas dosen pendidikan tinggi,Dosen di luar kampus,,,,,,,,,,,,,
d0bf91da,Lainnya,Visiting Laboratorium Biologi Molekuler,,,,,,,,,,,,,,,,
c4440f3d,Pengiriman Praktisi sebagai Dosen,Pelaksanaan penilaian terhadap rencana dan laporan kinerja dosen (asesmen BKD),150000,Meningkatnya kualitas dosen pendidikan tinggi,Dosen di luar kampus,,,,,,,,,,,,,
f10abec9,Pengabdian Kepada Masyarakat,Pengembangan Bubuk Daun Sengkubak (Pycharrhena Cauliflora (Miers) Diels) sebagai Substitusi Penyedap Rasa Vetsin dalam rangka Meningkatkan Ekonomi Masyarakat di Desa Melapi Kabupaten Kapuas Hulu,285199300,Meningkatnya kualitas dosen pendidikan tinggi,Penerapan riset dosen,,,,,,,,,,,,,
dc0a6a13,Pengabdian Kepada Masyarakat,"Optimalisasi Produktivitas Alat Tangkap Ramah Lingkungan Bagan Apung (Lift Net) untuk Peningkatan Ekonomi Nelayan di Kawasan Konservasi Laut Pulau Lemukutan, Kalimantan Barat",358962000,Meningkatnya kualitas dosen pendidikan tinggi,Penerapan riset dosen,,,,,,,,,,,,,
33b9fb96,Pengabdian Kepada Masyarakat,"Sustainable Ekosistem Budidaya Ikan Air Tawar Terpadu melalui Optimalisasi Inovasi Teknologi Tepat Guna (TTG) pada Produksi Pakan, Sistem Aerasi Kolam, dan Pemanfaatan Limbah Organik untuk Budidaya Maggot di Desa Jeruju Besar",363424100,Meningkatnya kualitas dosen pendidikan tinggi,Penerapan riset dosen,,,,,,,,,,,,,
29ea8831,Pengabdian Kepada Masyarakat,"Pengembangan Produk Kratom sebagai Komoditas Berpotensi Unggulan di Kapuas Hulu, Kalimantan Barat melalui Perbaikan Proses Pasca Panen dan Pengolahan Bubuk Berdasarkan Prinsip-prinsip Good Manufacturing Practices (GMP) untuk Menghasilkan Produk Berstandar Internasional",300000000,Meningkatnya kualitas dosen pendidikan tinggi,Penerapan riset dosen,,,,,,,,,,,,,
c9471e82,Pengabdian Kepada Masyarakat,Peningkatan Produksi Udang Vannamei secara Berkelanjutan pada Rintisan TEFA Budidaya Perikanan Polnep melalui Aplikasi Bioflok,420000000,Meningkatnya kualitas dosen pendidikan tinggi,Dosen di luar kampus,,,,,,,,,,,,,
7c9d611a,Gelar Ganda (Dual Degree),Dual Degree Program,,Meningkatnya program studi yang berkualitas,Persentase Prodi bekerjasama dengan mitra,,,,,,,,,,,,,
9887b052,Lainnya,Sewa Ruangan Tempat Pelaksanaan Penyelenggaraan Kegiatan Seleksi CPPPK Tahun 2024,13500000,,,,,12/3/2024,12/16/2024,,,612c0771,,,,,,
9763882a,Pengabdian Kepada Masyarakat,TTG Pemetaan Aset Rumah Tradisional Melayu di Bansir Laut dengan Teknik GIS sebagai Penunjang Wisata Kreatif,,Meningkatnya kualitas dosen pendidikan tinggi,Dosen di luar kampus,,,,,,,,,,,,,
b3455a81,Pengabdian Kepada Masyarakat,"Pendampingan Perencanaan dan Perancangan Renovasi Bangunan Gedung Masjid Nurul Hidayah, Jl. Tanjung Pura, Gg. Aden, Benua Melayu Laut, Kota Pontianak",,Meningkatnya kualitas dosen pendidikan tinggi,Dosen di luar kampus,,,,,,,,,,,,,
ab04eed8,Penyaluran Lulusan,Serapan Lulusan PDD Polnep di Kabupaten Kapuas Hulu untuk Pemasaran Produk Pertanian,,Meningkatnya kualitas lulusan pendidikan tinggi,Kesiapan kerja lulusan,,,,,,,,,,,,,
58138630,Pengabdian Kepada Masyarakat,Pengabdian kepada Masyarakat di Kelompok Ketahanan Pangan TPS 3R PALM ASRI,,Meningkatnya kualitas dosen pendidikan tinggi,Dosen di luar kampus,,,,,,,,,,,,,
2f519db0,Pengabdian Kepada Masyarakat,Smart Economy di Kelurahan Siantan Hilir untuk Mendorong Ekonomi Kreatif melalui Peningkatan Potensi Kawasan Kampung Sayur Kuat Sihir,,Meningkatnya kualitas dosen pendidikan tinggi,Dosen di luar kampus,,,,,,,,,,,,,
48d8c0ed,Lainnya,Sewa Tanah dan/atau Bangunan untuk Kantor Kas dan ATM BRI,115000000,,,,,1/1/2025,12/31/2026,,,f94e01bf,,,,,,
88fefbc2,Pengabdian Kepada Masyarakat,Sosialisasi Pengolahan Air Sungai sebagai Sumber Air Bersih Menggunakan Filtering Berjenjang,,Meningkatnya kualitas dosen pendidikan tinggi,Penerapan riset dosen,,,,,,,,,,,,,
a15c0d5f,Pengiriman Praktisi sebagai Dosen,Dosen Tamu pada International Community Engagement and Teacher Mobility di Politeknik Metro Betong Sarawak,,Meningkatnya kualitas dosen pendidikan tinggi,Dosen di luar kampus,,,,,,,,,,,,,
f30ab3b9,Pengabdian Kepada Masyarakat,"Pendampingan Pembangunan Bangunan Gedung Tempat Pendidikan Al-Qur'an Al Markaz, Masjid At-Taubah, Jalan Dusun Parit Lintang, Desa Sungai Pangkalan I, Kecamatan Sungai Raya, Kabupaten Bengkayang",,Meningkatnya kualitas dosen pendidikan tinggi,Dosen di luar kampus,,,,,,,,,,,,,
933cb017,Pengabdian Kepada Masyarakat,Sosialisasi Inovasi Terkini dalam Pencegahan Banjir untuk Mengimplementasikan Early Warning System Berbasis IoT,,Meningkatnya kualitas dosen pendidikan tinggi,Penerapan riset dosen,,,,,,,,,,,,,
74bfc2cf,Pengabdian Kepada Masyarakat,Pelatihan Penanganan dan Pengolahan Hasil Perikanan untuk Mendukung Kewirausahaan Siswa Sekolah Menengah Atas Negeri (SMAN) 2 Kota Pontianak,,Meningkatnya kualitas dosen pendidikan tinggi,Dosen di luar kampus,,,,,,,,,,,,,
dff19ca2,Pengabdian Kepada Masyarakat,Penerapan Iptek Mesin Pengiris dan Mesing Pengering untuk Meningkatkan Produksi Keripik Singkong Berendam pada Usaha Kecil di Desa Rasau Jaya Dua Kecamatan Rasau Jaya Kabupaten Kubu Raya,,Meningkatnya kualitas dosen pendidikan tinggi,Penerapan riset dosen,,,,,,,,,,,,,
e86d7434,Pengabdian Kepada Masyarakat,Pembuatan Microbubble Generator (MBG) Guna Meningkatkan Oksigen Terlarut pada Kolam Ikan Lele di TPS 3R Palm Asri Kel. Sui Jawi Kec. Pontianak Kota,,Meningkatnya kualitas dosen pendidikan tinggi,Penerapan riset dosen,,,,,,,,,,,,,
d6adb163,Lainnya,Penyelenggaraan Program pascasarjana (PhD) berbasis riset yang ditawarkan oleh UNIMAS,,,,,,,,,,,,,,,,
52554acc,Pengabdian Kepada Masyarakat,Pelatihan Pembuatan Desain Kemasan pada Produk Unggulan di SMK Negeri 1 Sukamara,,Meningkatnya kualitas dosen pendidikan tinggi,Dosen di luar kampus,,,,,,,,,,,,,
fb2a7913,Pengabdian Kepada Masyarakat,Bagan Apung,,Meningkatnya kualitas dosen pendidikan tinggi,Penerapan riset dosen,,,,,,,,,,,,,
657bd4cd,Pengabdian Kepada Masyarakat,Penerapan Teknik Pembesaran Ikan Lele bagi Santri Pondok Pesantren Khulafaur Rasyidin Kabupaten Kubu Raya dalam Menumbuhkan Jiwa Kewirausahaan,,Meningkatnya kualitas dosen pendidikan tinggi,Penerapan riset dosen,,,,,,,,,,,,,
5a83ec22,Pengabdian Kepada Masyarakat,"Pembuatan Peta Infografis Kawasan Banjir dan Pelatihan Mitigasi Bencana Banjir bagi Siswa SMK Pancasila, Kubu Raya",,Meningkatnya kualitas dosen pendidikan tinggi,Dosen di luar kampus,,,,,,,,,,,,,
6d96417a,Pengabdian Kepada Masyarakat,Perencanaan dan Instalasi Air Bersih di Masjid Raudhatul Jannah Kubu Raya,,Meningkatnya kualitas dosen pendidikan tinggi,Dosen di luar kampus,,,,,,,,,,,,,
8cd7df18,Pengabdian Kepada Masyarakat,Pelatihan Digital Marketing dalam Upaya Meningkatkan Pemasaran Produk UMKM Masyarakat di Kabupaten Sanggau,,Meningkatnya kualitas dosen pendidikan tinggi,Dosen di luar kampus,,,,,,,,,,,,,
5966ad56,Pengabdian Kepada Masyarakat,Pelatihan Dasar-dasar Fotografi dan Editing Video untuk Promosi Produk bagi Pelaku Usaha Mikro dan Kecil di Kota Pontianak,,Meningkatnya kualitas dosen pendidikan tinggi,Dosen di luar kampus,,,,,,,,,,,,,
467aded8,Pengiriman Praktisi sebagai Dosen,Pelaksanaan penilaian terhadap rencana dan laporan kinerja dosen (asesmen BKD),1250000,Meningkatnya kualitas dosen pendidikan tinggi,Dosen di luar kampus,,,,,,,,,,,,,
54607743,Pengiriman Praktisi sebagai Dosen,Pelaksanaan penilaian terhadap rencana dan laporan kinerja dosen (asesmen BKD),125000,Meningkatnya kualitas dosen pendidikan tinggi,Dosen di luar kampus,,,,,,,,,,,,,
5b71d928,Pengabdian Kepada Masyarakat,Pemberdayaan Masyarakat di Kelurahan Bunut Kabupaten Sanggau melalui Pelatihan Pembuatan Tepung Tebu Telur menjadi Aneka Olahan Pangan,,Meningkatnya kualitas dosen pendidikan tinggi,Penerapan riset dosen,,,,,,,,,,,,,
62d99708,Pengabdian Kepada Masyarakat,"Rancangan Model Rumah Budaya Kampong Tambelansampit, Kota Pontianak sebagai Tempat Berkumpul dan Berkreasi Masyarakat Setempat Berbasis Kearifan Lokal",,Meningkatnya kualitas dosen pendidikan tinggi,Penerapan riset dosen,,,,,,,,,,,,,
115823b1,Pengabdian Kepada Masyarakat,"Rancangan Model Fasilitas Penerangan (Lampu Hias) di Jalur Sirkulasi Gertak (Pedestrian) Tepian Sungai Kapuas, Kampong Budaya Tambelansampit, Kota Pontianak dengan Pendekatan Tampilan Bentuk Berkarakter Lokal",,Meningkatnya kualitas dosen pendidikan tinggi,Penerapan riset dosen,,,,,,,,,,,,,
29f7a17b,Penelitian Bersama,Pengembangan Komoditas Salak Hutan,,Meningkatnya program studi yang berkualitas,Penerapan riset dosen,,,,,,,,,,,,,
9238a8a8,Pengabdian Kepada Masyarakat,Pekerjaan Pemasangan dan Pengecatan Plafond Teras Surau Raudatul Jannah Gg. Majapahit Kelurahan Kedamin Hulu Kecamatan Putussibau Selatan,,Meningkatnya kualitas dosen pendidikan tinggi,Dosen di luar kampus,,,,,,,,,,,,,
11f2316a,Pengabdian Kepada Masyarakat,Penerapan dan Pelatihan Smart Laboratory Berbasis IoT untuk Meningkatkan Keamanan dan Keselamatan di Laboratorium Teknologi Informasi Politeknik Aisyiyah Pontianak,,Meningkatnya kualitas dosen pendidikan tinggi,Penerapan riset dosen,,,,,,,,,,,,,
a2c402e5,Pengabdian Kepada Masyarakat,Penerapan Iptek Pemanfaatan Tepung Ampas Kelapa Parut menjadi Berbagai Produk Olahan Pangan,,Meningkatnya kualitas dosen pendidikan tinggi,Penerapan riset dosen,,,,,,,,,,,,,
0e9e7d43,Pengabdian Kepada Masyarakat,Pemanfaatan Digital Marketing bagi Greenpreneur di Desa Punggur Besar Kabupaten Kubu Raya,,Meningkatnya kualitas dosen pendidikan tinggi,Dosen di luar kampus,,,,,,,,,,,,,
99645783,Pengabdian Kepada Masyarakat,Pelatihan Governansi Digital Usaha Penginapan Desa Temajuk melalui Utilisasi Aplikasi Berbasis Mobile,,Meningkatnya kualitas dosen pendidikan tinggi,Dosen di luar kampus,,,,,,,,,,,,,
d3cc43d4,Pengabdian Kepada Masyarakat,Peningkatan Kualitas Layanan Administrasi Bagi Pengusaha Homestay Lokal di Desa Wisata Temajuk Kabupaten Sambas,,Meningkatnya kualitas dosen pendidikan tinggi,Dosen di luar kampus,,,,,,,,,,,,,
389de7a9,Pengabdian Kepada Masyarakat,Digital Marketing pada Pelaku Usaha Wisata Alam untuk Meningkatkan Kunjungan Wisata di Desa Temajuk Kabupaten Sambas,,Meningkatnya kualitas dosen pendidikan tinggi,Dosen di luar kampus,,,,,,,,,,,,,
e8d0c4d4,Pengabdian Kepada Masyarakat,Pembuatan dan Pemasangan Jam Waktu Sholat di Surau Kompleks Pondok Pesantren Al Husna Jl. Hidayah Kelurahan Siantan Hulu Kec. Pontianak Utara Kota Pontianak,,Meningkatnya kualitas dosen pendidikan tinggi,Dosen di luar kampus,,,,,,,,,,,,,
6352cd82,Pengiriman Praktisi sebagai Dosen,Pelaksanaan Swakelola Program Beasiswa Talenta Digital (Digital Talent Scholarship),41790094,,,,,,,,,,,,,,,
6eb8ae3c,Lainnya,Sewa Barang Milik Negara Berupa Bangunan Kantin,7800000,,,,,,,,,,,,,,,
fb87cfc2,Lainnya,,7800000,,,,,,,,,,,,,,,
d7cbfd6c,Lainnya,Paket Pekerjaan Kajian Sinkronisasi Program Pemanfaatan Ruang (SPPR) Kota Pontianak 1 (satu) Tahunan,185414000,,,,,,,,,,,,,,,
86cb78d3,Pengabdian Kepada Masyarakat,Pelatihan Penerapan Artificial Intelegent dalam Media Pembelajaran di SMK Negeri 1 Selakau Timur,,Meningkatnya kualitas dosen pendidikan tinggi,Dosen di luar kampus,,,,,,,,,,,,,
a05bf353,Lainnya,Swakelola Tipe II pada Paket Pekerjaan Belanja Jasa Konsultasi Berorientasi Layanan - Jasa Studi Penelitian dan Bantuan Teknik - Penyusunan Portofolio Investasi Hijau di Kabupaten Sanggau,,,,,,,,,,,,,,,,
d25cb6a5,Lainnya,Kontrak Swakelola Tipe II Paket Pekerjaan Kajian Sinkronisasi Program Pemanfaatan Ruang (SPPR) Kota Pontianak 1 (satu) Tahunan Tahun Anggaran 2024,185414000,,,,,,,,,,,,,,,
56beba27,Pengabdian Kepada Masyarakat,Pelatihan Pengolahan Abon Jamur Sawit (Volvariella Volvacea),,Meningkatnya kualitas dosen pendidikan tinggi,Penerapan riset dosen,,,,,,,,,,,,,
f52de51c,Pengabdian Kepada Masyarakat,Penanganan Akses Reforma Agraria,,Meningkatnya kualitas dosen pendidikan tinggi,Dosen di luar kampus,,,,,,,,,,,,,
2182c7ee,Pengabdian Kepada Masyarakat,Pelatihan Internet of Things untuk Guru Sekolah Menengah Kejuruan (SMK) Al Madani Pontianak,,Meningkatnya kualitas dosen pendidikan tinggi,Dosen di luar kampus,,,,,,,,,,,,,
157fd2f1,Lainnya,"Pendidikan, Penelitian, Pengabdian kepada Masyarakat pada Pemilihan Gubenur dan Wakil Direktur, Bupati, dan Wakil Bupati serta Wali Kota dan Wakil Walikota Tahun 2024 di Kabupaten Sanggau",,,,,,,,,,,,,,,,
4c19c640,Lainnya,Sewa Tanah dan/atau Bangunan untuk Kantor Kas dan ATM BRI,57500000,,,,,,,,,,,,,,,
4f87f519,Pengabdian Kepada Masyarakat,Penerapan Teknologi Soap Base Ramah Lingkungan pada Penciptaan Sabun Padat Ekstrak Kulit Jahe untuk Mewujudkan Masyarakat Sehat dengan Penyediaan Media Pembersih Mandiri,,Meningkatnya kualitas dosen pendidikan tinggi,Penerapan riset dosen,,,,,,,,,,,,,
19ea15fc,Pengabdian Kepada Masyarakat,Optimilisasi Ragam Olahan Pisang sebagai Usaha Pangan Kreatif Oleh-oleh melalui Teknologi Zero Waste sebagai Strategi Mewujudkan Ekonomi Kreatif dan Produktif bagi Kelompok PKK Desa Sungai Rasau,,Meningkatnya kualitas dosen pendidikan tinggi,Penerapan riset dosen,,,,,,,,,,,,,
a8aac1a8,Pengabdian Kepada Masyarakat,Pendampingan Kewirausahaan Masyarakat dengan Cara Diversifikasi Produk Olahan Hortikultura di Kelurahan Roban Kecamatan Singkawang Tengah Kota Singkawang,,Meningkatnya kualitas dosen pendidikan tinggi,Penerapan riset dosen,,,,,,,,,,,,,
cf1dc7b9,Lainnya,Pembinaan dan Pengembangan Bidang Perikanan,,,,,,,,,,,,,,,,
3d8d17f9,Lainnya,Pembentukan Tempat Uji Kompetensi (TUK),,,,,,,,,,,,,,,,
57655b31,Lainnya,Pelaksanaan Kegiatan Pendampingan dalam Rangka Penanganan Akses Reforma Agraria,,,,,,,,,,,,,,,,
36204d05,Lainnya,Asesmen BKD,20750000,,,,,,,,,,,,,,,
7007bbb0,Penyelenggaraan Seminar/Konferensi Ilmiah,Digital Solution Strategies: Kiat Sukses Bisnis dan UMKM di Era VUCA,,,,,,,,,,,,,,,,
c67aaa89,Penyelenggaraan Seminar/Konferensi Ilmiah,Transformasi Pendidikan Vokasi di Era Revolusi Industri 4.0: Menghadapi Tantangan dan Menciptakan Peluang Baru,,,,,,4/30/2024,4/30/2024,,,,,,,,,
210b7c09,Pelatihan,Program Beasiswa Talenta Digital,,,Mahasiswa di luar kampus,,,,,,,,,,,,,
b7bade2e,Pengembangan Sistem/Produk,Pembangunan dan Perkembangan Sistem Platform Manajemen Karir dan Tracer Study,25000000,,,,,,,,,,,,,,,
7dd8f04f,Lainnya,"Siaran spot iklan ""Sosialisasi dan Promosi Penerimaan Mahasiswa/i Baru"" yang akan disiarkan melalui Program I RRI Entikong frekuensi 100,7 MhzFM",240000,,,,,,,,,,,,,,,
ed6758a8,Pemagangan,Praktik Kerja Lapangan,1750000,Meningkatnya kualitas lulusan pendidikan tinggi,Mahasiswa di luar kampus,,,,,,,,,,,,,
3c26cc84,Lainnya,Penyiaran Greeting Ramadhan 1445 dan Ucapan Idul Fitri 1445,5200000,,,,,3/12/2024,4/10/2024,,,,,,,,,
48c79aba,Pengembangan Sistem/Produk,Sewa Perangkat Sevima Platform,31000000,,,,,3/18/2024,3/17/2027,,,03f1f942,,,,,,
a5907ef1,Pertukaran Mahasiswa,Pertukaran Mahasiswa,,Meningkatnya kualitas lulusan pendidikan tinggi,Mahasiswa di luar kampus,,,,,,,,,,,,,
302d4d1c,Lainnya,Asesmen BKD,19750000,,,,,,,,,,,,,,,
82e4d2d1,Magang/ Praktik Kerja-Kampus Merdeka,Pelaksanaan Tridarma Perguruan Tinggi dan Program Merdeka Belajar-Kampus Merdeka,,,,,,,,,,,,,,,,
636625f8,Magang/ Praktik Kerja-Kampus Merdeka,Pengembangan Ilmu Pengetahuan dan Teknologi di Bidang Sistem Informasi dan Teknologi Informasi melalui Pelaksanaan Tridarma Perguruan Tinggi,,Meningkatnya kualitas lulusan pendidikan tinggi,Mahasiswa di luar kampus,,,,,,,,,,,,,
60fe01bb,Pengabdian Kepada Masyarakat,Penarapan Iptek Mesin Pencacah Pakan Ternak,,Meningkatnya kualitas dosen pendidikan tinggi,Penerapan riset dosen,,,,,,,,,,,,,
d759eecc,Pengabdian Kepada Masyarakat,Beauty Class Bagi Mahasiswa Universitas OSO Pontianak sebagai Persiapan Penampilan Terbaik menuju Dunia Kerja,20000000,Meningkatnya kualitas dosen pendidikan tinggi,Dosen di luar kampus,https://polnep.link/dok2025-5664,,6/20/2025,6/20/2025,1(satu) set Dokumentasi Kegiatan (foto dan/atau video). 1 (satu) berkas Laporan Akhir Pelaksanaan Kegiatan. Minimal 1 (satu) Publikasi Berita Kegiatan di media massa atau media internal PARA PIHAK.,"Adanya peningkatan pemahaman peserta mengenai etika berpenampilan, yang diukur dari kenaikan nilai post-test sebesar 30% dari nilai pre-test. Adanya peningkatan persepsi kesiapan dan kepercayaan diri peserta dalam menghadapi dunia kerja, yang diukur melalui kuesioner sebelum dan sesudah kegiatan.",316c1d5d,,,,,,
b9d3b738,Pengabdian Kepada Masyarakat,Pelatihan Penguatan Kemandirian Pangan dalam Mendukung Konsumsi Pangan Sehat untuk Masyarakat Desa Sungai Rasau melalui Optimalisasi Olahan Buah Naga menjadi Mi Basah,20000000,Meningkatnya kualitas dosen pendidikan tinggi,Penerapan riset dosen,https://polnep.link/dok2025-6882,T_kegiatan_Files_/b9d3b738.dok_laporan_kegiatan.024417.pdf,7/17/2025,7/17/2025,1 Resep dan Standar Operasional Prosedur (SOP) pembuatan mi basah buah naga.,"Minimal 85% peserta pelatihan mampu mempraktikkan kembali proses pembuatan mi secara mandiri dan Hasil uji organoleptik (rasa, warna, tekstur) produk mi mendapatkan skor penerimaan minimal 4 dari skala 5.",cdeaa80a,,,,,,
f981c2db,Pengabdian Kepada Masyarakat,Peningkatan Keterampilan Literasi Digital dan Palgiarism Awareness Mahasiswa di Kota Pontianak menggunakan References Tools Management (Mendeley dan Turnitin),20000000,Meningkatnya kualitas dosen pendidikan tinggi,Dosen di luar kampus,https://polnep.link/dok2025-6656,T_kegiatan_Files_/f981c2db.dok_laporan_kegiatan.031039.pdf,7/7/2025,7/7/2025,1 buah publikasi media massa dan Jurnal.,"Minimal 80% peserta mampu menggunakan fitur dasar Mendeley untuk melakukan sitasi dan Peningkatan pemahaman peserta mengenai konsep plagiarisme dan cara menghindarinya, diukur dari kenaikan nilai post-test sebesar 40% dari nilai pre-test.",43b68942,,,,,,
79d2b803,Pengabdian Kepada Masyarakat,Pelatihan Manajemen Keuangan dan Akuntansi Sederhana untuk Usaha Kecil Menengah dalam Upaya Mencegah Financial Failure (Kegagalan Keuangan Usaha) di Kabupaten Sanggau,17500000,Meningkatnya kualitas dosen pendidikan tinggi,Dosen di luar kampus,https://polnep.link/dok2025-3301,T_kegiatan_Files_/79d2b803.dok_laporan_kegiatan.035233.pdf,3/10/2025,12/31/2025,"1 (satu) buah Modul ""Manajemen Keuangan & Akuntansi Praktis untuk UKM"". 1 (satu) set Template Pembukuan Sederhana dalam format digital (Excel). 1 (satu) buah publikasi berita kegiatan di media massa. 1 (satu) berkas Laporan Akhir Pelaksanaan Kegiatan.",Minimal 75% peserta pelatihan mampu mempraktikkan pemisahan pencatatan keuangan pribadi dan usaha. Minimal 70% peserta mampu menggunakan template yang diberikan untuk mencatat transaksi usaha secara rutin. Minimal 50% peserta mampu menyusun laporan laba/rugi sederhana pada akhir periode pendampingan.,802adfb8,,,,,,
2ff4f6fa,Pengabdian Kepada Masyarakat,"Peningkatan Nilai Tambah dan Perluasan Pasar Produk Pangan Lokal melalui Workshop Pengemasan, Pelabelan, dan Pemahaman Regulasi Pangan bagi UMKM di Kabupaten Sanggau",17500000,Meningkatnya kualitas dosen pendidikan tinggi,Dosen di luar kampus,https://polnep.link/dok2025-3551,T_kegiatan_Files_/2ff4f6fa.dok_laporan_kegiatan.042022.pdf,5/7/2025,5/31/2025,"Modul pelatihan (Pengemasan, Pelabelan, Regulasi Pangan). Prototipe desain kemasan dan label baru untuk beberapa produk UMKM peserta. Laporan akhir kegiatan, dokumentasi, dan sertifikat workshop.",Minimal 75% peserta mampu menggunakan alat-alat untuk pengemasan produk olahan pangan. Minimal 50% peserta mampu membuat desain kemasan produk dengan menggunakan aplikasi. Minimal 25% peserta mampu memahami aspek legalitas produk sesuai standar regulasi pangan yang berlaku terkait kemasan dan label.,6dfa0f5d,,,,,,
947ebb11,Pengabdian Kepada Masyarakat,"Amplifikasi Kinerja Usaha Mikro, Kecil, dan Menengah dengan Pelatihan Manajemen Persediaan Berbasis Digital pada Usaha Mikro, Kecil dan Menengah di Kabupaten Sanggau",17500000,Meningkatnya kualitas dosen pendidikan tinggi,Dosen di luar kampus,https://polnep.link/dok2025-4434,T_kegiatan_Files_/947ebb11.dok_laporan_kegiatan.063618.pdf,5/1/2025,5/31/2025,"1 (satu) buah Modul ""Manajemen Persediaan Berbasis Digital untuk UMKM"". 1 (satu) buah Template Digital Pencatatan Persediaan (berbasis spreadsheet). 1 (satu) buah publikasi berita kegiatan di media massa. 1 (satu) berkas Laporan Akhir Pelaksanaan Kegiatan.","Minimal 75% peserta pelatihan mampu menggunakan template digital untuk mencatat transaksi persediaan. Minimal 60% peserta secara rutin melakukan pencatatan stok pada usaha masing-masing selama periode pendampingan. Adanya testimoni dari minimal 50% peserta mengenai perbaikan dalam pengelolaan stok (misalnya, berkurangnya kejadian stok kosong atau kelebihan stok).",802adfb8,,,,,,
5c62cb94,Pengabdian Kepada Masyarakat,Penyediaan Catu Daya Listrik Alternatif Berbasis Energi Terbarukan (Energi Surya) pada PAUD Tunas Bangsa Dusun Pantura Desa Sebatuan Kecamatan Pemangkat Kabupaten Sambas,20000000,Meningkatnya kualitas dosen pendidikan tinggi,Dosen di luar kampus,https://polnep.link/dok2025-6885,T_kegiatan_Files_/5c62cb94.dok_laporan_kegiatan.034542.pdf,7/25/2025,7/25/2025,â¢ 1 (satu) buah Dokumen Desain Sistem PLTS untuk Fasilitas Pendidikan. â¢ 1 (satu) unit Sistem PLTS yang terpasang dan beroperasi di PAUD Tunas Bangsa. â¢ 1 (satu) buah Artikel Ilmiah untuk Jurnal Elektronik berbasis hasil kegiatan PKM. â¢ 1 (satu) Berita Acara Serah Terima (BAST) hasil pekerjaan. â¢ 1 (satu) berkas Laporan Akhir Pelaksanaan Kegiatan,â¢ Sistem PLTS yang terpasang mampu menyuplai daya listrik untuk kebutuhan esensial PAUD (minimal untuk penerangan dan beberapa titik stop kontak). â¢ Sistem PLTS beroperasi dengan stabil selama masa uji coba. â¢ Pihak pengelola PAUD yang ditunjuk memahami cara operasional dan perawatan dasar sistem,166dac1d,,,,,,
b14bdf6d,Pengabdian Kepada Masyarakat,Implementasi Jaringan Komputer dan Internet di Balai Latihan Kerja Komunitas Dzal Hajra Kalimantan Barat,20000000,Meningkatnya kualitas dosen pendidikan tinggi,Dosen di luar kampus,https://polnep.link/dok2025-7178,T_kegiatan_Files_/b14bdf6d.dok_laporan_kegiatan.042441.pdf,7/28/2025,7/29/2025,â¢ 1 (satu) buah Dokumen Modul panduan teknis dasar tentang pengelolaan dan perawatan jaringan. â¢ 1 (satu) Publikasi Hasil Kegiatan PKM â¢ 1 (satu) Berita Acara Serah Terima Aset PKM. â¢ 1 (satu) berkas Laporan Akhir Pelaksanaan Kegiatan.,"â¢ Terlaksananya instalasi jaringan nirkabel dengan menggunakan 1 (satu) unit router yang berfungsi dengan baik dan stabil sebagai pusat distribusi koneksi internet. â¢ Terpasangnya perangkat penerima sinyal nirkabel pada komputer dan berhasil terkoneksi dengan jaringan Wi-Fi tanpa gangguan koneksi. â¢ Seluruh perangkat yang terhubung ke jaringan dapat mengakses internet dengan kecepatan dan kestabilan yang memadai sesuai standar koneksi lokal. â¢ Pihak pengguna atau staf yang ditunjuk memahami prosedur dasar pengoperasian jaringan, termasuk langkah-langkah me-restart router dan mengatasi gangguan koneksi nirkabel secara mandiri.",0bb6875c,,,,,,
5e52d37e,Pengabdian Kepada Masyarakat,Penerapan Teknologi Tepat Guna Mesin Pemukul Sotong Pangkong untuk Peningkatan Efisiensi dan Produktivitas Usaha pada Miftahul Ulum Mart,,Meningkatnya kualitas dosen pendidikan tinggi,Penerapan riset dosen,https://polnep.link/dok2025-7303,T_kegiatan_Files_/5e52d37e.dok_laporan_kegiatan.044026.pdf,7/25/2025,7/25/2025,â¢ 1 (satu) unit Mesin Pemukul Sotong Pangkong siap pakai. â¢ 1 (satu) buah Buku Panduan/SOP Pengoperasian dan Perawatan Mesin. â¢ 1 (satu) Berita Acara Serah Terima (BAST) Mesin. â¢ 1 (satu) berkas Laporan Akhir Pelaksanaan Kegiatan.,â¢ Mesin yang diserahkan dapat beroperasi dengan baik untuk memipihkan sotong. â¢ Terjadi peningkatan kecepatan proses pemukulan sotong minimal 100% dibandingkan dengan metode manual. â¢ Staf PIHAK KEDUA yang dilatih mampu mengoperasikan dan membersihkan mesin secara mandiri.,6383a381,,,,,,
5018b2a4,Pengabdian Kepada Masyarakat,Pelatihan Pencegahan Hama dan Pengobatan Ikan Sakit di Desa Sungai Besar sebagai Upaya Pencegahan Penyebaran Penyakit Ikan di Kabupaten Kapuas Hulu,10000000,Meningkatnya kualitas dosen pendidikan tinggi,Dosen di luar kampus,https://polnep.link/dok2025-5116,T_kegiatan_Files_/5018b2a4.dok_laporan_kegiatan.034728.pdf,5/25/2025,12/31/2025,"Modul pelatihan, laporan akhir kegiatan, publikasi berita, dokumentasi, dan sertifikat peserta.",a. peningkatan pengetahuan peserta minimal 30% berdasarkan hasil pre-test dan post-test; b. minimal 80% peserta mampu mendemonstrasikan ulang cara identifikasi atau pengobatan ikan yang benar; dan c. adanya laporan penurunan tingkat kematian ikan dari para peserta setelah periode pendampingan,45940c74,,,,,,
eb70c1d0,Pengabdian Kepada Masyarakat,Pelatihan Keterampilan Kewirausahaan dengan Pemanfaatan Ubi Jalar Ungu sebagai Produk Kreatif dalam Rangka Meningkatkan Pendapatan Kelompok PKK Kelurahan Kedamin Hulu,10000000,Meningkatnya kualitas dosen pendidikan tinggi,Penerapan riset dosen,https://polnep.link/dok2025-6057,,6/1/2025,9/30/2025,â¢ 1 modul pelatihan; â¢ 1 kg produk olahan ubi jalar ungu; â¢ 1 laporan kegiatan.,â¢ Minimal 80% peserta mampu mempraktikkan kembali resep yang diajarkan;  â¢ Adanya peningkatan nilai post-test sebesar 30% dari pre-test;  â¢ Terbentuknya minimal 1 (satu) purwarupa produk siap jual.,c74996da,,,,,,
811a708c,Pengabdian Kepada Masyarakat,"Peningkatan Sarana Taman Belajar Al-Quran Masjid Al-Muhtadin Jalan Danau Kayan Kelurahan Putussibau Kota, Kecamatan Putussibau Utara",10000000,Meningkatnya kualitas dosen pendidikan tinggi,Dosen di luar kampus,https://polnep.link/dok2025-7036,,7/26/2025,9/30/2025,"â¢ 1 (satu) buah Laporan Desain dan Rencana Kerja. â¢ 2 buah lemari dan 15 buah meja belajar untuk santri. â¢ 1 (satu) berkas Laporan Akhir Kegiatan beserta dokumentasi foto (sebelum, proses, dan sesudah). â¢ 1 (satu) buah publikasi berita kegiatan di media sosial atau media lokal.",â¢ Terlaksananya pekerjaan fisik perbaikan sarana hingga mencapai 100% dari target perencanaan. â¢ Adanya peningkatan kenyamanan dan kelayakan fungsi ruang belajar berdasarkan testimoni dari pengurus mesjid dan masyarakat.,3f72d7f4,,,,,,
efaa635d,Penelitian Bersama,Program Penelitian Mitigasi Pemanasan Global dengan Menerapkan Cat Reflektif Surya untuk Pelapis Atap Bang,34505000,Meningkatnya kualitas dosen pendidikan tinggi,Penerapan riset dosen,,,5/10/2025,8/31/2025,"Atap MAN 2 Pontianak telah dilapisi cat reflektif surya.  Data pengukuran kinerja bangunan sebelum dan sesudah pengecatan.  Laporan penelitian dan kompilasi data yang terdokumentasi.  Publikasi ilmiah terkait hasil penelitian.  Edukasi dan peningkatan keterampilan teknis bagi dosen, mahasiswa, dan pihak sekolah terkait penggunaan cat reflektif surya","Penurunan suhu bangunan dan peningkatan kenyamanan termal di ruang kelas.  Kontribusi nyata terhadap upaya mitigasi pemanasan global di lingkungan sekolah.  Peningkatan kesadaran dan penerapan teknologi ramah lingkungan di sektor pendidikan.  Terjalinnya kolaborasi berkelanjutan antara universitas, politeknik, industri, dan sekolah.  Penguatan kapasitas penelitian terapan bagi institusi pendidikan tinggi.",9b966c2e,,,,,,
6ec3a839,Pengabdian Kepada Masyarakat,Pelatihan dan Pendampingan Budidaya Sayuran dengan Teknik Substitusi Pestisida Sintetis-Biopestisida Secara Tepat dalam Upaya Mengurangi Risiko Residu Kimia,20000000,Meningkatnya kualitas dosen pendidikan tinggi,Penerapan riset dosen,https://polnep.link/dok2025-6878,,7/14/2025,12/31/2025,"a.	Modul atau Standar Operasional Prosedur (SOP) pembuatan dan aplikasi biopestisida.
b.	Lahan percontohan (demo plot) yang menerapkan teknik substitusi.
c.	Laporan akhir, publikasi media, dan dokumentasi kegiatan.","a.	Minimal 75% peserta pelatihan mampu mempraktikkan kembali pembuatan biopestisida secara mandiri.
b.	Adanya penurunan penggunaan pestisida sintetis minimal 50% di lahan peserta yang didampingi.
c.	Hasil panen dari lahan percontohan menunjukkan kualitas yang baik dengan serangan hama yang terkendali.",9311015a,,,,,,
cafbdc99,Pengabdian Kepada Masyarakat,Pelatihan Peningkatan Kapasitas Manajemen dan Digital Marketing Pokdarwis Benua di Kelurahan Ilir Kota Kabupaten Sanggau,20000000,Meningkatnya kualitas dosen pendidikan tinggi,Dosen di luar kampus,https://polnep.link/dok2025-6841,,7/13/2025,11/10/2025,"â¢	1 (satu) buah laman Pokdarwis Benua.
â¢	1 (satu) buah Akun Media Sosial (contoh: Instagram/Facebook Page) yang aktif dan terkelola.
â¢	1 (satu) buah publikasi berita kegiatan di media massa.
â¢	1 (satu) berkas Laporan Akhir Pelaksanaan Kegiatan.","â¢	Minimal 75% peserta mampu menyusun draf program kerja sederhana untuk Pokdarwis.
â¢	PIHAK KEDUA mampu secara mandiri memproduksi dan mengunggah minimal 15 konten promosi baru di media sosial selama periode pendampingan.
â¢	Adanya peningkatan jumlah pengikut (followers) atau jangkauan (reach) pada akun media sosial PIHAK KEDUA sebesar 50% dibandingkan sebelum kegiatan.",05bf3510,,,,,,
4195dc5d,Pengabdian Kepada Masyarakat,Peningkatan Produktivitas Budidaya Ikan melalui Perbaikan Teknologi Budidaya dan Penggunaan Pakan Lokal  di Pokdakan Harapan Jaya Desa Mega Timur Kabupaten Kubu Raya,20000000,Meningkatnya kualitas dosen pendidikan tinggi,Dosen di luar kampus,https://polnep.link/dok2025-6659,,7/7/2025,10/30/2025,"â¢	1 (satu) buah Modul ""Teknik Budidaya dan Pakan Ikan Lokal"".
â¢	1 (satu) buah Kolam Percontohan yang menerapkan teknologi dan pakan baru.
â¢	1 (satu) formula dan sampel Pakan Ikan Berbasis Bahan Lokal.
â¢	1 (satu) berkas Laporan Akhir Pelaksanaan Kegiatan.","â¢	Minimal 75% peserta mampu mempraktikkan kembali cara pembuatan pakan lokal.
â¢	Terjadi peningkatan laju pertumbuhan harian ikan di kolam percontohan minimal sebesar 15% dibandingkan dengan metode sebelumnya.
â¢	Terjadi efisiensi biaya pakan minimal sebesar 20% pada siklus budidaya di kolam percontohan",be66b712,,,,,,
929d3d42,Pengabdian Kepada Masyarakat,Pemberdayaan Ekonomi Keluarga untuk Mencegah Family Financial Distress dengan Pelatihan Kewirausahaan Bisnis Frozen Food Berbasis Digital Marketing,20000000,Meningkatnya kualitas dosen pendidikan tinggi,Dosen di luar kampus,https://polnep.link/dok2025-7084,,8/14/2025,8/14/2025,"â¢	1 (satu) buah Artikel Ilmiah hasil kegiatan PKM yang siap untuk dipublikasikan.
â¢	1 (satu) buah Artikel berita kegiatan yang dipublikasikan di koran Akcaya Pontianak Post.
â¢	1 (satu) berkas Laporan Akhir Pelaksanaan Kegiatan.","â¢	Terlaksananya pelatihan yang diikuti oleh minimal 20 (dua puluh) orang peserta dari Kelompok PKK.
â¢	Minimal 75% peserta mampu mempraktikkan pembuatan satu jenis produk frozen food dan menghitung harga pokoknya.
â¢	Minimal 50% peserta mampu membuat akun pemasaran dan konten promosi sederhana di media sosial.",f5f9d9f8,,,,,,
11cbb76c,Pengabdian Kepada Masyarakat,Pengenalan Teknologi Kelautan Melalui Pelatihan Drone dan Selam Bagi Pelajar di Pontianak dan Kubu Raya untuk Meningkatkan Daya Tarik pada Sektor Kelautan dan Perikanan,20000000,Meningkatnya kualitas dosen pendidikan tinggi,Dosen di luar kampus,https://polnep.link/dok2025-7744,,8/11/2025,8/13/2025,"â¢	1 (satu) buah Modul Pengenalan Teknologi Kelautan (Drone dan Selam).
â¢	1 (satu) buah Video Dokumenter kegiatan.
â¢	1 (satu) berkas Laporan Akhir Pelaksanaan Kegiatan.","â¢	Terselenggaranya pelatihan yang diikuti oleh total minimal 30 (tiga puluh) orang peserta gabungan dari SMK Negeri 1 Sungai Raya dan SMK Negeri 7 Pontianak.
â¢	Minimal 80% peserta mampu menjelaskan prinsip dasar keselamatan selam dan fungsi utama drone dalam observasi kelautan.",79cdc613,,,,,,
43fea2f2,Pengabdian Kepada Masyarakat,Peningkatan Kualitas Literasi Generasi Muda melalui Pelatihan Extensive Reading Bagi Para Volunter NGO Mengajar di Pontianak,20000000,Meningkatnya kualitas dosen pendidikan tinggi,Dosen di luar kampus,https://polnep.link/dok2025-7355,,7/31/2025,7/31/2025,"â¢	1 (satu) buah Artikel pada Jurnal Ilmiah berbasis hasil kegiatan PkM.
â¢	1 (satu) buah publikasi berita kegiatan di Media Massa
â¢	1 (satu) berkas Laporan Akhir Pelaksanaan Kegiatan.",Minimal 80% volunter peserta mampu mensimulasikan fasilitasi sesi Extensive Reading dengan benar.,9007f7b8,,,,,,
a537ee86,Pengabdian Kepada Masyarakat,Pelatihan Digital Content Creation bagi Creativepreneur di Desa Limbung Kabupaten Kubu Raya,20000000,Meningkatnya kualitas dosen pendidikan tinggi,Dosen di luar kampus,https://polnep.link/dok2025-7083,,7/25/2025,7/25/2025,"â¢	1 (satu) materi Pelatihan âDigital Content Creationâ.
â¢	Minimal 5 (lima) digital content (foto, video, atau desain grafis) hasil karya peserta pelatihan.
â¢	1 (satu) buah publikasi berita kegiatan di media massa atau media sosial resmi.
â¢	1 (satu) berkas Laporan Akhir pelaksanaan kegiatan.","â¢	Peserta mampu membuat konten promosi sederhana secara mandiri.
â¢	Adanya peningkatan kualitas visual pada media sosial para peserta setelah mengikuti pelatihan.",ed4c38bc,,,,,,
e519eaeb,Pengabdian Kepada Masyarakat,Pengembangan Kapasitas Kelembagaan Teaching Factory Baitul Maal Wa Tamwil Amanah Mazaya Mafaza Jurusan Akuntansi Politeknik Negeri Pontianak,20000000,Meningkatnya kualitas dosen pendidikan tinggi,Dosen di luar kampus,https://polnep.link/dok2025-7859,,8/13/2025,8/13/2025,"â¢	1 (satu) buah Dokumen Standar Operasional Prosedur (SOP) BMT yang telah disempurnakan.
â¢	1 (satu) buah Modul Pelatihan Peningkatan Kapasitas Pengelola TEFA.
â¢	1 (satu) buah Artikel Ilmiah atau publikasi media massa terkait kegiatan.
â¢	1 (satu) berkas Laporan Akhir Pelaksanaan Kegiatan.","â¢	Tersusunnya dokumen SOP yang siap diimplementasikan oleh pihak mitra.
â¢	Minimal 80% pengelola pihak mitra mengikuti dan memahami materi pelatihan.
â¢	Adanya perbaikan dalam sistem pelaporan pihak mitra yang lebih terstruktur dan informatif.",295ec9e0,,,,,,
d7b93002,Pengabdian Kepada Masyarakat,Perbaikan dan Perawatan Instalasi Penerangan Serta Pembuatan Sistem Informasi Berbasis Text Led P10 Di MTs. Nurul Falah Teluk Pakedai Kabupaten Kubu Raya,20000000,Meningkatnya kualitas dosen pendidikan tinggi,Dosen di luar kampus,https://polnep.link/dok2025-7697,,8/16/2025,8/17/2025,"â¢	1 (satu) buah artikel berita yang dipublikasikan di media massa elektronik.
â¢	1 (satu) buah video dokumenter kegiatan yang diunggah ke platform Youtube.
â¢	1 (satu) Berita Acara Serah Terima (BAST) hasil pekerjaan.
â¢	1 (satu) berkas Laporan Akhir Pelaksanaan Kegiatan.","â¢	Instalasi penerangan di titik-titik yang telah disepakati berfungsi dengan baik dan aman.
â¢	Sistem informasi berbasis Text LED P10 terpasang dan dapat menampilkan informasi sesuai fungsinya.
â¢	Staf yang ditunjuk PIHAK KEDUA mampu mengoperasikan dan mengubah konten pada sistem informasi Text LED P10.",fe05ef0a,,,,,,
,,,,,,,,,,,,,,,,,,
a5b9a94d,Pengabdian Kepada Masyarakat,Konsorsium Perundungan dan Kekerasan Seksual melalui Upaya Preventif Moralitas pada Siswa Pondok Pesantren Miftahul Ulum,0,Meningkatnya kualitas dosen pendidikan tinggi,Dosen di luar kampus,,,4/11/2025,12/31/2025,,,85be85f8,,,,,,
af279bfd,Pengabdian Kepada Masyarakat,Pelatihan Pembuatan Aquascape untuk Menumbuhkan Minat Wirausaha bagi Siswa Sekolah Kejuruan di Kabupaten Sukamara,20000000,Meningkatnya kualitas dosen pendidikan tinggi,Dosen di luar kampus,https://polnep.link/dok2025-6924,,7/21/2025,12/16/2025,"â¢	1 (satu) buah Modul Pelatihan ""Dasar-Dasar Aquascape dan Kewirausahaan"".
â¢	Minimal 2 (dua) unit karya aquascape hasil praktik siswa.
â¢	1 (satu) buah publikasi berita kegiatan di media massa atau media sosial resmi.
â¢	1 (satu) berkas Laporan Akhir Pelaksanaan Kegiatan.","â¢	Minimal 80% peserta pelatihan mampu menjelaskan 3 (tiga) gaya dasar aquascape dan komponen utamanya.
â¢	Terbentuknya minimal 2 (dua) kelompok siswa yang berhasil menyelesaikan 1 (satu) buah aquascape.
â¢	Minimal 30% peserta mampu membuat analisis biaya sederhana untuk 1 (satu) unit aquascape yang dibuat.",fccdb75f,,,,,,
9597fb66,Pengabdian Kepada Masyarakat,Pemanfaatan Aplikasi Layanan Usaha (APLAUS) BUMDES Berbasis Cloud Untuk Meningkatkan Kinerja BUMDES Serdam Maju Bersama Desa Sungai Raya Dalam Kabupaten Kubu Raya,20000000,Meningkatnya kualitas dosen pendidikan tinggi,Dosen di luar kampus,https://polnep.link/dok2025-7341,,7/25/2025,11/10/2025,"â¢	1 (satu) unit sistem Aplikasi Layanan Usaha (APLAUS) berbasis cloud yang terimplementasi.
â¢	1 (satu) buah Sertifikat Pendaftaran Hak Cipta (HKI) atas aplikasi APLAUS.
â¢	1 (satu) buah Buku Panduan Penggunaan Aplikasi APLAUS.
â¢	1 (satu) berkas Laporan Akhir Pelaksanaan Kegiatan.","â¢	Minimal 80% staf BUMDES Serdam Maju Bersama yang dilatih mampu mengoperasikan modul-modul utama aplikasi.
â¢	BUMDES Serdam Maju Bersama secara aktif menggunakan aplikasi APLAUS untuk pencatatan transaksi harian.
â¢	Adanya peningkatan efisiensi dalam penyusunan laporan keuangan bulanan BUMDES Serdam Maju Bersama.",e8104b0b,,,,,,
854eeca1,Lainnya,Penyediaan Jasa Penyelenggaraan Perjalanan untuk Kegiatan Seminar Riset dan Pengabdian kepada Masyarakat Internasional di Malaysia,470000000,,,,,9/3/2025,9/10/2025,,,d705dc57,,,,,,
e62d78ad,Pengabdian Kepada Masyarakat,Implementasi Sistem Informasi Tata Kelola Desa (SINTTESA) Menuju Desa Digital pada Desa Teluk Pakedai Hulu Kecamatan Teluk Pakedai Kabupaten Kubu Raya,20000000,Meningkatnya kualitas dosen pendidikan tinggi,Penerapan riset dosen,https://polnep.link/dok2025-7779,,7/25/2025,11/10/2025,"â¢	1 (satu) unit sistem aplikasi SINTTESA yang terpasang dan berfungsi.
â¢	1 (satu) buah Sertifikat Pendaftaran Hak Cipta (HKI) atas aplikasi SINTTESA.
â¢	1 (satu) buah Buku Panduan Penggunaan Aplikasi.
â¢	1 (satu) berkas Laporan Akhir Pelaksanaan Kegiatan.","â¢	Minimal 80% aparat desa yang dilatih mampu mengoperasikan fitur-fitur utama aplikasi SINTTESA, khususnya yang berkaitan dengan layanan kependudukan.
â¢	Desa Teluk Pakedai Hulu mulai menggunakan SINTTESA untuk mengelola data dan menerbitkan surat keterangan untuk masyarakat.",7d5864d1,,,,,,
234c3e15,Pengabdian Kepada Masyarakat,"Penerapan Web-Based Application dalam Manajemen Promosi, Administrasi, dan Keuangan di Masjid Al-Iâtishom Kubu Raya",20000000,Meningkatnya kualitas dosen pendidikan tinggi,Penerapan riset dosen,https://polnep.link/dok2025-7737,,8/30/2025,8/30/2025,"â¢	1 (satu) unit Aplikasi Komputer berbasis web yang fungsional dan terimplementasi.
â¢	1 (satu) buah publikasi berita kegiatan di Media Massa.
â¢	1 (satu) buah Buku Panduan Penggunaan Aplikasi.
â¢	1 (satu) berkas Laporan Akhir Pelaksanaan Kegiatan.","â¢	Pengurus DKM mampu mengoperasikan fitur-fitur utama aplikasi, khususnya untuk publikasi kegiatan dan pelaporan keuangan.
â¢	Pihak mitra secara aktif menggunakan aplikasi untuk mempublikasikan jadwal kegiatan dan laporan infak/sedekah.
â¢	Adanya peningkatan transparansi dan aksesibilitas informasi bagi para jamaah.",8f3e3114,,,,,,
ad2bcd40,Pengabdian Kepada Masyarakat,Pendampingan Perencanaan dan Perancangan Renovasi Masjid Ma'ash-Shabirin,20000000,Meningkatnya kualitas dosen pendidikan tinggi,Dosen di luar kampus,https://polnep.link/dok2025-3503,,4/21/2025,11/28/2025,"â¢	1 (satu) set Dokumen Detail Engineering Design (DED) Pekerjaan Renovasi Masjid Ma'ash Shabirin.
â¢	1 (satu) buah Dokumen Rencana Anggaran Biaya (RAB) Pekerjaan Renovasi.
â¢	1 (satu) buah Artikel berita kegiatan yang dipublikasikan di media massa.
â¢	1 (satu) berkas Laporan Akhir Pelaksanaan Kegiatan.","â¢	Tersusunnya dokumen DED dan RAB yang lengkap dan telah disetujui oleh PIHAK KEDUA.
â¢	Dokumen DED dan RAB yang dihasilkan dapat menjadi acuan teknis dan finansial yang valid bagi PIHAK KEDUA untuk memulai tahap konstruksi.",71427601,,,,,,
95554281,Pengabdian Kepada Masyarakat,"Pelatihan Teknologi Kemasan Retort Pouch pada Produk Ikan Tongkol Siap Saji untuk Kelompok Pengolah dan Pemasaran Desa Sungai Rengas, Kabupaten Kubu Raya",,Meningkatnya kualitas dosen pendidikan tinggi,Dosen di luar kampus,https://polnep.link/dok2025-9484,,8/1/2025,9/30/2025,"â¢	1 (satu) buah Artikel Ilmiah berbasis hasil kegiatan PkM.
â¢	1 (satu) buah Modul Pelatihan ""Teknologi Kemasan Retort Pouch untuk Produk Perikanan"".
â¢	1 (satu) berkas Laporan Akhir Pelaksanaan Kegiatan.","â¢	Terselenggaranya pelatihan yang diikuti oleh minimal 20 (dua puluh) orang peserta dari kelompok pengolah dan pemasaran.
â¢	Minimal 80% peserta mampu mempraktikkan proses pengemasan dan sealing retort pouch dengan benar.
â¢	Dihasilkannya produk percontohan ikan tongkol siap saji dalam kemasan retort pouch.",9ae3d5c7,,,,,,
7dbf2a80,Pengabdian Kepada Masyarakat,Joint International Community Service,,Meningkatnya kualitas dosen pendidikan tinggi,Dosen di luar kampus,,,9/4/2025,9/5/2025,,,295ec9e0,,,,,,
5ebeb4ab,Penyelenggaraan Seminar/Konferensi Ilmiah,Joint International Research Seminar,,Meningkatnya kualitas dosen pendidikan tinggi,Kualifikasi dosen,,,9/4/2025,9/5/2025,,,295ec9e0,,,,,,
deaf77f4,Pengiriman Praktisi sebagai Dosen,Visiting Lecturer Program,,Meningkatnya kualitas dosen pendidikan tinggi,Dosen di luar kampus,,,9/4/2025,9/5/2025,,,295ec9e0,,,,,,
5c9a2192,Pengiriman Praktisi sebagai Dosen,Visiting Lecturer Program,,Meningkatnya kualitas dosen pendidikan tinggi,Dosen di luar kampus,,,9/4/2025,9/5/2025,,,a5e1a266,,,,,,
3d60c016,Penyelenggaraan Seminar/Konferensi Ilmiah,Joint International Research Seminar,,Meningkatnya kualitas dosen pendidikan tinggi,Kualifikasi dosen,,,9/4/2025,9/4/2025,,,a5e1a266,,,,,,
212fb3ed,Pengabdian Kepada Masyarakat,Joint International Community Service,,Meningkatnya kualitas dosen pendidikan tinggi,Dosen di luar kampus,,,9/4/2025,9/5/2025,,,a5e1a266,,,,,,
dbb23c3b,Pengabdian Kepada Masyarakat,"Penataan dan Perbaikan Instalasi Listrik, Sound System, dan Tata Udara di Masjid At-Taqwa Kelurahan Sagatani Kecamatan Singkawang Selatan",20000000,Meningkatnya kualitas dosen pendidikan tinggi,Dosen di luar kampus,https://polnep.link/dok2025-5865,,6/13/2025,6/29/2025,"â¢	1 (satu) buah publikasi berita kegiatan di koran lokal.
â¢	1 (satu) unit Sistem Instalasi Listrik, Tata Suara, dan Tata Udara yang telah berfungsi optimal.
â¢	1 (satu) Berita Acara Serah Terima (BAST) Hasil Pekerjaan.
â¢	1 (satu) berkas Laporan Akhir Pelaksanaan Kegiatan.","â¢	Seluruh instalasi listrik yang diperbaiki berfungsi dengan baik dan aman.
â¢	Kualitas suara dari sound system masjid menjadi lebih jernih dan bebas dari gangguan (noise).
â¢	Sistem tata udara berfungsi normal dan memberikan kenyamanan yang lebih baik di ruang utama masjid.",7a6daf81,,,,,,
9080b463,Pengabdian Kepada Masyarakat,Pemasangan Jam Waktu Sholat dan Instalasi Penjernih Air di Kompleks Pondok Pesantren Dzal Hajra 2 Dusun Sukamaju Desa Nipah Panjang Kec. Batu Ampar Kabupaten Kubu Raya,20000000,Meningkatnya kualitas dosen pendidikan tinggi,Dosen di luar kampus,https://polnep.link/dok2025-3794,,4/15/2025,9/20/2025,"â¢	1 (satu) buah Artikel Ilmiah berbasis hasil kegiatan PkM.
â¢	1 (satu) buah publikasi berita kegiatan di Media Massa.
â¢	1 (satu) unit Jam Waktu Sholat Digital dan 1 (satu) unit Instalasi Penjernih Air yang terpasang.
â¢	1 (satu) berkas Laporan Akhir Pelaksanaan Kegiatan.","â¢	Jam waktu sholat digital berfungsi secara otomatis dan akurat sesuai jadwal yang telah diatur.
â¢	Instalasi penjernih air mampu menghasilkan air dengan kualitas yang lebih baik (lebih jernih dan tidak berbau) dibandingkan sumber air baku.
â¢	Pengurus yang ditunjuk mampu mengoperasikan kedua sistem secara mandiri.",0f039e35,,,,,,
a267c5dc,Pengabdian Kepada Masyarakat,Perencanaan dan Pemasangan Instalasi Air Bersih di Pondok Pesantren Al-I'tishom,20000000,Meningkatnya kualitas dosen pendidikan tinggi,Dosen di luar kampus,https://polnep.link/dok2025-4510,,5/2/2025,11/22/2025,"â¢	1 (satu) unit Sistem Instalasi Air Bersih yang fungsional.
â¢	1 (satu) buah Artikel Ilmiah berbasis hasil kegiatan PKM.
â¢	1 (satu) set Dokumentasi Kegiatan dalam bentuk Foto dan Video.
â¢	1 (satu) berkas Laporan Akhir Pelaksanaan Kegiatan.","â¢	Sistem instalasi yang terpasang mampu mendistribusikan air bersih secara lancar ke titik-titik kebutuhan utama (seperti MCK, tempat wudu, dan dapur).
â¢	Sistem berfungsi dengan baik tanpa ada kebocoran atau kendala teknis setelah masa uji coba.
â¢	Pihak pengurus yang ditunjuk memahami cara operasional dan perawatan dasar sistem.",38afb989,,,,,,
cd1fcf21,Pengabdian Kepada Masyarakat,Program Kemitraan Aplikasi Coating pada Bangunan Publik di Kota Khatulistiwa Pontianak,20000000,Meningkatnya kualitas dosen pendidikan tinggi,Dosen di luar kampus,https://polnep.link/dok2025-5444,,6/2/2025,10/31/2025,"â¢	1 (satu) unit bangunan publik yang telah diaplikasikan coating khusus.
â¢	1 (satu) buah Dokumen Laporan Hasil Pengukuran Kinerja Bangunan (meliputi suhu udara, kelembaban udara, temperatur global, kecepatan udara, dan suhu permukaan).
â¢	1 (satu) buah Artikel Ilmiah berbasis hasil kegiatan.
â¢	1 (satu) berkas Laporan Akhir Pelaksanaan Kegiatan.","â¢	Terlaksananya seluruh proses aplikasi coating pada area yang telah ditentukan.
â¢	Diperolehnya data hasil pengukuran yang valid dan komprehensif.
â¢	Adanya penurunan suhu permukaan pada area yang di-coating dibandingkan dengan area kontrol.",9b966c2e,,,,,,
f889fa8c,Pengabdian Kepada Masyarakat,Penguatan Branding dan Strategi Pemasaran Produk melalui Pendampingan Sertifikasi Halal bagi UMKM Binaan BKMT Kabupaten Kubu Raya,20000000,Meningkatnya kualitas dosen pendidikan tinggi,Dosen di luar kampus,https://polnep.link/dok2025-6819,,7/12/2025,7/12/2025,"â¢	1 (satu) buah Artikel Ilmiah berbasis hasil kegiatan PKM yang siap untuk dipublikasikan.
â¢	1 (satu) berkas Laporan Akhir Pelaksanaan Kegiatan.","â¢	Peserta mendapatkan pemahaman yang komprehensif mengenai konsep dan implementasi Sistem Jaminan Produk Halal.
â¢	Peserta mampu menerapkan prinsip-prinsip dasar Sistem Jaminan Produk Halal dalam proses produksi usahanya masing-masing.
â¢	Peserta mengetahui dan mampu mengidentifikasi prosedur serta dokumen persyaratan yang dibutuhkan untuk proses pengurusan sertifikasi Halal.",14447a08,,,,,,
bc85386b,Lainnya,Asesmen Beban Kerja Dosen (BKD) dan Mengajar Semester Tahun Akademik 2025/2026,24300000,Meningkatnya kualitas dosen pendidikan tinggi,Dosen di luar kampus,https://polnep.link/dok2025-6820,,7/14/2025,7/14/2025,"â¢	Sejumlah 81 dokumen Berita Acara Asesmen, di mana 84 adalah jumlah total dosen (Asesi) dari Politeknik Negeri Ketapang yang dinilai pada setiap semester. 
â¢	Ditugaskan sejumlah 162 Asesor dari Politeknik Negeri Pontianak. Jumlah 162 akan disesuaikan dengan jumlah dan rumpun ilmu dari para Asesi untuk memastikan penilaian yang relevan.","â¢	Proses penilaian kinerja dosen di Politeknik Negeri Ketapang menjadi lebih kredibel dan dapat dipertanggungjawabkan karena melibatkan asesor eksternal yang netral dan kompeten.
â¢	Dosen di Politeknik Negeri Ketapang mendapatkan umpan balik yang konstruktif, mendorong perbaikan berkelanjutan dalam kualitas pengajaran, penelitian, dan pengabdian kepada masyarakat.
â¢	Terjalinnya kemitraan yang formal dan produktif antara kedua politeknik, yang dapat menjadi dasar untuk kolaborasi yang lebih luas di masa mendatang.",6e8bb094,,,,,,
a9821f93,Pengabdian Kepada Masyarakat,Pelatihan Konsep Building Information Modelling (BIM) melalui Aplikasi Autocad dan Sketchup bagi Siswa Kompetensi Keahlian DPIB di SMK Negeri 2 Sambas,20000000,Meningkatnya kualitas dosen pendidikan tinggi,Dosen di luar kampus,https://polnep.link/dok2025-6884,,7/18/2025,7/18/2025,"a.	1 (satu) buah Modul Pelatihan Terpadu (BIM, AutoCAD, dan SketchUp).
b.	1 (satu) set berkas Latihan dan Studi Kasus Digital.
c.	1 (satu) draf Artikel Ilmiah hasil kegiatan PKM yang siap untuk dipublikasikan.
d.	d. 1 (satu) berkas Laporan Akhir Pelaksanaan Kegiatan","a.	Minimal 80% peserta pelatihan mampu membuat gambar denah 2D sederhana menggunakan AutoCAD.
b.	Minimal 75% peserta pelatihan mampu membuat model 3D dari denah yang ada menggunakan SketchUp.
c.	Peningkatan nilai kompetensi peserta, yang diukur dari kenaikan nilai tugas akhir (post-test) minimal 40% dibandingkan nilai tugas awal (pre-test).",8c057351,,,,,,
e3abc35b,Pengabdian Kepada Masyarakat,Pelatihan Digitalisasi Media Pembelajaran Interaktif bagi Guru di MAN Sukamara,20000000,Meningkatnya kualitas dosen pendidikan tinggi,Dosen di luar kampus,https://polnep.link/dok2025-7152,,7/31/2025,7/31/2025,"â¢	1 (satu) buah Modul Pelatihan ""Pembuatan Media Pembelajaran Digital Interaktif"".
â¢	Media Pembelajaran Digital (presentasi/video/kuis) hasil karya dari minimal 60% total guru peserta.
â¢	1 (satu) buah publikasi berita kegiatan di media massa.
â¢	1 (satu) berkas Laporan Akhir Pelaksanaan Kegiatan","â¢	Minimal 80% guru peserta mampu membuat minimal satu jenis media pembelajaran interaktif secara mandiri.
â¢	Minimal 60% guru peserta mengimplementasikan media ajar digital yang dibuatnya dalam kegiatan belajar mengajar di kelas.
â¢	Adanya peningkatan engagement siswa dalam pembelajaran, diukur melalui survei sederhana sebelum dan sesudah penerapan media baru",f5cba8ca,,,,,,
fb90a73c,Pengabdian Kepada Masyarakat,Pelatihan Pembuatan Desain Kemasan pada Produk Unggulan di Madrasah Aliyah Negeri (MAN) Sukamara,35000000,Meningkatnya kualitas dosen pendidikan tinggi,Dosen di luar kampus,https://polnep.link/dok2025-7272,,6/24/2025,9/2/2025,"â¢	1 (satu) buah Modul ""Dasar Desain Kemasan Produk UMKM"".
â¢	Minimal 5 (lima) buah Prototipe Desain Kemasan Produk Unggulan hasil karya siswa.
â¢	1 (satu) buah publikasi berita kegiatan di media massa.
â¢	1 (satu) berkas Laporan Akhir Pelaksanaan Kegiatan.",â¢	Minimal 80% peserta mampu merancang desain kemasan digital sederhana.,6da2a39d,,,,,,
593b9071,Pengabdian Kepada Masyarakat,Peningkatan Keterampilan Digital Prototyping melalui Pelatihan Additive Manufacturing untuk Guru dan Siswa Program Keahlian Teknik Perawatan Mekanik di SMK Negeri 1 Sungai Kunyit,20000000,Meningkatnya kualitas dosen pendidikan tinggi,Dosen di luar kampus,https://polnep.link/dok2025-8136,,8/25/2025,9/29/2025,"â¢	1 (satu) buah Artikel Ilmiah berbasis hasil kegiatan PKM yang siap untuk dipublikasikan.
â¢	1 (satu) buah Modul Pelatihan ""Dasar-Dasar Additive Manufacturing.""
â¢	1 (satu) berkas Laporan Akhir Pelaksanaan Kegiatan.","â¢	Terselenggaranya pelatihan yang diikuti oleh minimal 30 (tiga puluh) orang peserta yang terdiri dari guru dan siswa.
â¢	Minimal 80% peserta mampu merancang desain 3D sederhana dan mengoperasikan 3D Printer.
â¢	Dihasilkannya beberapa prototipe fisik hasil cetak 3D karya peserta.",2ab441af,,,,,,
e9af420a,Pengabdian Kepada Masyarakat,Pembuatan Fasilitas Pendukung Sarana dan Prasarana Belajar Mengajar di Madrasah Tsanawiyah Baitul Mubarok,20000000,Meningkatnya kualitas dosen pendidikan tinggi,Dosen di luar kampus,https://polnep.link/dok2025-9885,,9/4/2025,9/6/2025,"â¢	1 (satu) buah publikasi berita kegiatan di Media Cetak setempat.
â¢	1 (satu) buah publikasi berita kegiatan di Media Online setempat.
â¢	Sejumlah unit fasilitas sarana dan prasarana belajar mengajar yang fungsional.
â¢	1 (satu) berkas Laporan Akhir Pelaksanaan Kegiatan.","â¢	Tersedianya fasilitas baru yang layak dan dapat digunakan secara langsung untuk mendukung kegiatan belajar mengajar.
â¢	Peningkatan kenyamanan siswa dan guru dalam proses pembelajaran di kelas yang menerima fasilitas baru.",4901f12a,,,,,,
5e52b1dc,Pelatihan Dosen dan Instruktur,Penyelenggaraan Sertifikasi Kompetensi Dosen dan Tendik Tahun 2025,271000000,Meningkatnya kualitas dosen pendidikan tinggi,Kualifikasi dosen,https://polnep.link/ia2025-11738,,10/12/2025,10/18/2025,"â¢	Terselenggaranya Kegiatan: Acara ""Sertifikasi Kompetensi Dosen dan Tendik Tahun 2025"" telah berhasil dilaksanakan sesuai jadwal (12-18 Oktober 2025).
â¢	Jumlah Peserta Terlatih: Sebanyak 28 orang telah mengikuti proses pelatihan dan/atau uji kompetensi.
â¢	Sertifikat Pelatihan: Diterbitkannya sertifikat keikutsertaan pelatihan bagi peserta yang mengambil Paket A.
â¢	Sertifikat Kompetensi: Diterbitkannya sertifikat kompetensi profesional (misalnya ITS Data Science, PMR, dll.) bagi peserta yang dinyatakan lulus ujian.
â¢	Laporan Pelaksanaan: Adanya laporan akhir kegiatan dari PIHAK KEDUA kepada PIHAK KESATU yang merangkum proses dan hasil kegiatan.","â¢	Peningkatan Kompetensi SDM: Peserta (dosen dan tendik) memiliki keahlian baru yang terverifikasi dan diakui secara profesional, sesuai dengan standar industri/profesi.
â¢	Penguatan Kualitas Institusi: Politeknik Negeri Pontianak secara kelembagaan mengalami peningkatan kualitas sumber daya manusia, yang berdampak positif pada akreditasi dan mutu layanan pendidikan.
Peningkatan Daya Saing: Lulusan program ini (baik individu maupun institusi) memiliki daya saing yang lebih tinggi karena memiliki sertifikasi kompetensi yang relevan dan diakui.",0bd53596,,,,,,
fa05ed96,Pengabdian Kepada Masyarakat,Pelatihan Autodesk Inventor dalam Meningkatkan Kompetensi Guru SMKN 04 Pontianak berbasis Project Based Learning,,Meningkatnya kualitas dosen pendidikan tinggi,Dosen di luar kampus,https://polnep.link/dok2025-11546,,10/8/2025,10/11/2025,"â¢	1 (satu) buah publikasi berita kegiatan di Media Cetak setempat.
â¢	Tersusunnya Modul Pelatihan Autodesk Inventor berbasis PBL.
â¢	1 (satu) berkas Laporan Akhir Pelaksanaan Kegiatan.","â¢	Peserta (guru) mampu menyelesaikan satu proyek desain menggunakan Autodesk Inventor.
â¢	Peningkatan pemahaman dan keterampilan peserta yang diukur melalui pre-test dan post-test.
â¢	Adanya rencana penerapan hasil pelatihan dalam kurikulum pembelajaran di Pihak Mitra.",,,,,,,
287da0ef,Lainnya,Penyewaan Aula untuk Yudisium FEB Untan,13500000,,,,,10/27/2025,10/29/2025,,,612c0771,,,,,,
01f9a01b,Magang/ Praktik Kerja-Kampus Merdeka,Praktik Kerja Lapangan Mahasiswa Prodi D4 Administrasi  Negara di Kantor Distrik Navigasi Kelas A Tipe III Pontianak,,Meningkatnya kualitas lulusan pendidikan tinggi,Mahasiswa di luar kampus,https://polnep.link/dok2025-12704,,,,,,,,,,,,
e6b611fd,Lainnya,Jasa Konsultansi Kajian Teknis Struktur dan Mekanikal Bangunan Rumah Sakit Pratama Kecamatan Sandai,79658000,Meningkatnya kualitas dosen pendidikan tinggi,Dosen di luar kampus,https://polnep.link/dok2025-13049,,11/4/2025,11/17/2025,1 buah Dokumen Laporan Kajian Teknis,"1. Kepastian Kelayakan Bangunan: Diperolehnya Kajian Teknis yang secara eksplisit menyatakan bahwa Bangunan RS. Pratama Kecamatan Sandai Layak atau Tidak Layak untuk dilanjutkan pembangunannya, berdasarkan analisis struktur dan mekanikal yang profesional.

2. Rekomendasi Tindak Lanjut: Jika dinyatakan Layak, outcome-nya adalah tersedianya rekomendasi teknis untuk perbaikan atau peningkatan sistem yang telah ada sebagai acuan untuk pekerjaan konstruksi lanjutan.

3. Dasar Pengambilan Keputusan: Hasil kajian teknis ini menjadi dasar yang kuat dan sah (acuan) bagi PIHAK PERTAMA (Dinas Kesehatan Kabupaten Ketapang) untuk menentukan langkah pekerjaan konstruksi selanjutnya (Pasal 2 dan Pasal 3).",97dbd667,,,,,,
afe1bc93,Pengabdian Kepada Masyarakat,"Rancangan Desain Display Booth UMKM (Usaha Mikro, Kecil, & Menengah) di Sekitar Komplek Keraton Pakunegara, Desa Pedalaman, Kecamatan Tayan Hilir, Kabupaten Sanggau, Kalimantan Barat dengan Pendekatan Tampilan  Berkarakter lokal",20000000,Meningkatnya kualitas dosen pendidikan tinggi,Dosen di luar kampus,https://polnep.link/dok2025-9222,,7/26/2025,10/11/2025,"a.	1 (satu) paket dokumen Rancangan Desain Booth UMKM (mencakup gambar kerja dan visualisasi 3D).
b.	1 (satu) buah publikasi berita kegiatan di media massa (cetak atau online).
c.	Pelibatan 10 (sepuluh) peserta (pelaku UMKM) dalam proses lokakarya dan sosialisasi desain.
d.	1 (satu) berkas Laporan Akhir Pelaksanaan Kegiatan.","a.	Pelaku UMKM dan Pengelola Keraton memiliki acuan desain standar untuk booth yang representatif dan berkarakter lokal.
b.	Adanya peningkatan wawasan estetika ruang bagi pelaku UMKM di kawasan Keraton Tayan.",2c079dba,,,,,,
be9a9d0c,,,,,,,,,,,,,,,,,,
14777c06,Lainnya,Peminjaman Lab Komputer dan Laptop untuk Ujian Sertifikasi Pengadaan Barang/Jasa Pemerintah berbasis Komputer,7800000,,,,,10/11/2025,10/11/2025,,,63ca4e5e,,,,,,
,,,,,,,,,,,,,,,,,,
1825aab0,Pelatihan Dosen dan Instruktur,Pelatihan (Training) TSD dan Uji Kompetensi Sertifikasi BNSP Jenjang 8,76000000,Meningkatnya kualitas dosen pendidikan tinggi,Kualifikasi dosen,,,,,,,1456dc2d,,,,,,
41b446de,Pengabdian Kepada Masyarakat,Pelatihan Manajemen Organisasi untuk Peningkatan Kapasitas Sumber Daya Manusia pada CV Borcha Pontianak,,Meningkatnya program studi yang berkualitas,Persentase Prodi bekerjasama dengan mitra,,,11/21/2025,11/21/2025,,,a1c30ce4,,,,,,
b2910f97,Pengabdian Kepada Masyarakat,"Penerapan Teknologi Tepat Guna Mesin Pengaduk Dodol Untuk Meningkatkan Kapasitas Produksi UMKM Di Desa Sungai Mawang, Kabupaten Sanggau",17500000,Meningkatnya kualitas dosen pendidikan tinggi,Penerapan riset dosen,,,3/18/2025,12/31/2025,,,8dcd932b,,,,,,
82c32aba,Lainnya,Pelaksanaan Kegiatan Pemantauan Bantuan Pemerintah Program Revitalisasi Sekolah Dasar (SD) Tahun Anggaran 2025,313355400,Meningkatnya kualitas dosen pendidikan tinggi,Dosen di luar kampus,,,9/15/2025,,,,f94e01bf,,,,,,
9affe40e,Pengabdian Kepada Masyarakat,Program Desa Binaan Penyuluhan dan Pendampingan Lingkungan Sehat di Kelurahan Bansir Laut Kecamatan Pontianak Tenggara,,Meningkatnya kualitas dosen pendidikan tinggi,Dosen di luar kampus,,,12/23/2025,12/27/2028,,,9fcbf704,,T_kegiatan_Images/9affe40e.foto_kegiatan.074129.png,Desa Binaan,,,LOKAL
ed664090,Penerbitan Berkala Ilmiah,Fasilitasi publikasi artikel ilmiah dosen Politeknik Negeri Pontianak pada Jurnal Agro Industri Perkebunan (AIP),,Meningkatnya kualitas dosen pendidikan tinggi,Kualifikasi dosen,,,11/23/2025,11/22/2028,,,dfdc082f,,,,,,
23bceb12,Penerbitan Berkala Ilmiah,Publikasi artikel ilmiah dosen Politeknik Negeri Pontianak pada Jurnal Agro Industri Perkebunan (AIP),,Meningkatnya kualitas dosen pendidikan tinggi,Kualifikasi dosen,,,11/23/2025,11/22/2028,,,dfdc082f,,,,,,
e0d15997,Lainnya,Rekening Pengelolaan Dana Badan Layanan Umum (BLU) Politeknik Negeri Pontianak,,,,,,11/26/2025,5/6/2026,,,f94e01bf,,,,,,
d038704c,Lainnya,Penerbitan dan Pengelolaan Kartu Tanda Mahasiswa Co-Branding BNI â Politeknik Negeri Pontianak,,,,,,10/24/2025,3/25/2026,,,f94e01bf,,,,,,
77b907be,Penerbitan Berkala Ilmiah,Proceeding Publication Agreement for The 2nd International Vocational Conference of Accounting Innovation (INVACATION) 2025,,Meningkatnya kualitas dosen pendidikan tinggi,Kualifikasi dosen,,,12/19/2025,12/19/2026,,,d705dc57,,,,,,INTERNASIONAL
dac8de79,Penelitian Bersama,Penelitian kolaboratif untuk pengembangan purwarupa Pirolisator Batch dengan pemanasan mandiri sebagai teknologi konversi biomassa limbah kelapa sawit,,Meningkatnya kualitas dosen pendidikan tinggi,Kualifikasi dosen,,,6/26/2025,12/31/2025,,,cb3f2b14,,,,,,
70dc0047,Magang/ Praktik Kerja-Kampus Merdeka,Penyelenggaraan Praktik Kerja Lapangan (PKL)/Magang Mahasiswa,,Meningkatnya kualitas lulusan pendidikan tinggi,Mahasiswa di luar kampus,,,12/1/2025,12/1/2026,,,4c2c76f6,,,,,,
8068c753,Magang/ Praktik Kerja-Kampus Merdeka,Penyelenggaraan Praktik Kerja Lapangan (PKL)/Magang Mahasiswa,,Meningkatnya kualitas lulusan pendidikan tinggi,Mahasiswa di luar kampus,,,12/1/2025,12/1/2026,,,4c2c76f6,,,,,,
ea53cb6a,Penerbitan Berkala Ilmiah,Kerja Sama Publikasi Ilmiah dan Peningkatan Kapasitas Pengelolaan Jurnal,,Meningkatnya kualitas dosen pendidikan tinggi,Kualifikasi dosen,,,11/17/2025,11/17/2026,,,dfdc082f,,,,,,
da31cc98,Pengabdian Kepada Masyarakat,Program Desa Binaan Melalui Pemberdayaan Masyarakat Terhadap Kualitas Infrastruktur Jalan Dan Drainase Berkelanjutan Yang Berdampak Pada Peningkatan Ekonomi Desa,,Meningkatnya kualitas dosen pendidikan tinggi,Dosen di luar kampus,,,12/29/2025,12/31/2027,,,94a69933,,,,,,
61b6bfeb,Lainnya,,,,,,,,,,,dd5a3d3c,,,,,,
270e2ac2,Lainnya,,,,,,,,,,,f94e01bf,,,,,,
fd33dc17,Magang/ Praktik Kerja-Kampus Merdeka,Penyelenggaraan Praktik Kerja Lapangan (PKL)/Magang Mahasiswa,,Meningkatnya kualitas lulusan pendidikan tinggi,Mahasiswa di luar kampus,,,12/1/2025,12/1/2026,,,4c2c76f6,,,,,,
,,,,,,,,,,,,,,,,,,
ed47db06,Pengabdian Kepada Masyarakat,Pengenalan Teknologi Kelautan melalui Pelatihan Drone dan Selam bagi Pelajar di Pontianak dan Kubu Raya untuk Meningkatkan Daya Tarik pada Sektor Kelautan dan Perikanan,20000000,Meningkatnya kualitas dosen pendidikan tinggi,Dosen di luar kampus,,,8/11/2025,8/12/2025,,,79cdc613,,,,,,
8b1d90e2,Penyewaan Aset BMN,Sewa Menyewa Barang Milik Negara Berupa Tanah dan/atau Bangunan (Kantin Icha) di Lingkungan Politeknik Negeri Pontianak,6000000,,,,,1/1/2026,1/31/2026,,,295ec9e0,,,Sewa Kantin,,INCOME GENERATE,LOKAL
8462d2d0,Penyediaan Jasa Tenaga Ahli,Penyediaan Tenaga Ahli (Asesor) Asesmen Beban Kerja Dosen (BKD),6000000,,,,,3/9/2026,3/13/2026,,,91692705,,,Asesmen BKD,,INCOME GENERATE,LOKAL
311c1a23,Penyediaan Jasa Tenaga Ahli,Penyediaan Tenaga Ahli (Asesor) Asesmen Beban Kerja Dosen (BKD),26100000,,,,,3/9/2026,3/13/2026,,,91692705,,,Asesmen BKD,,INCOME GENERATE,LOKAL
437d98d8,Penyediaan Jasa Tenaga Ahli,Penyediaan Tenaga Ahli (Asesor) Asesmen Beban Kerja Dosen (BKD),1500000,,,,,3/9/2026,3/13/2026,,,91692705,,,Asesmen BKD,"Perjanjian ini mengatur kerja sama dalam penyelenggaraan asesmen Beban Kerja Dosen (BKD) untuk menjamin objektivitas, kredibilitas, dan akuntabilitas penilaian kinerja tenaga pendidik. Fokus utama kolaborasi ini adalah penyediaan tenaga ahli asesor eksternal yang kompeten guna mengevaluasi Laporan Kinerja Dosen (LKD), dengan tujuan akhir meningkatkan kualitas pelaksanaan Tridarma Perguruan Tinggi di kedua institusi pendidikan vokasi tersebut",INCOME GENERATE,LOKAL
24b3be84,Penyelenggaraan Seminar/Konferensi Ilmiah,"Penyelenggaraan ""International Conference On Language, Education And Social Sciences (ICLESS) 2026",,Meningkatnya kualitas dosen pendidikan tinggi,Kualifikasi dosen,,,2/11/2026,2/11/2026,,,bbfa6632,https://docs.google.com/document/d/1-pBruY-YCJhh7f7JFC6nEAezRs97oqbqD2snkE0-DMc/edit?usp=drive_link,T_kegiatan_Images/24b3be84.foto_kegiatan.074606.png,Konferensi Internasional,"International Conference on Language, Education and Social Sciences (ICLESS) 2026 merupakan forum akademik internasional yang mempertemukan para peneliti, praktisi, pendidik, dan mahasiswa dari berbagai disiplin ilmu untuk berdiskusi, berbagi pengetahuan, serta mempresentasikan hasil penelitian terbaru.  Dengan mengusung tema âNavigating the Digital Age: Language, Learning, and Society in the 21st Centuryâ, konferensi ini berfokus pada tantangan dan peluang yang muncul di era digital, khususnya dalam bidang bahasa, pendidikan, dan ilmu sosial. Peserta akan diajak untuk mengeksplorasi bagaimana teknologi memengaruhi proses belajar, komunikasi lintas budaya, serta dinamika sosial di abad ke-21. Adapun maksud dari kegiatan ini adalah membangun wadah (platform) diseminasi ilmiah bagi para peneliti, akademisi, praktisi, dan mahasiswa untuk mempresentasikan hasil pemikiran serta temuan penelitian terbaru. Kerja sama ini dimaksudkan untuk memperkuat jaringan riset antar-institusi di tingkat nasional dan internasional. Tujuan dari kegiatan ini adalah: 1)Memfasilitasi dialog mengenai isu-isu dalam transformasi pendidikan dan literasi sosial; 2) Meningkatkan output publikasi peserta melalui publikasi artikel ilmiah yang terindeks; dan 3) Menaikkan peringkat lembaga melalui indikator kerja sama nasional dan internasional. Kegiatan ini dilaksanakan dalam bentuk Konferensi Internasional Daring via Zoom, sehingga dapat diikuti oleh peserta dari seluruh dunia tanpa batasan geografis. Format daring ini memungkinkan interaksi global yang lebih luas, memperkuat jejaring akademik, serta membuka ruang kolaborasi lintas negara dan institusi.",,INTERNASIONAL
8f0f359a,Pengabdian Kepada Masyarakat,Program Desa Binaan melalui Pemberdayaan Masyarakat terhadap Kualitas Infrastruktur Jalan dan Drainase Berkelanjutan yang Berdampak pada Peningkatan Ekonomi Desa,,Meningkatnya kualitas dosen pendidikan tinggi,Dosen di luar kampus,,,1/2/2025,12/31/2027,,,94a69933,,T_kegiatan_Images/8f0f359a.foto_kegiatan.073828.jpg,Desa Binaan,,,LOKAL
62ae9e05,Penerbitan Berkala Ilmiah,Publikasi artikel ilmiah dosen Politeknik Negeri Pontianak pada Jurnal Agro Industri Perkebunan (AIP) milik Politeknik Negeri Lampung,,,,,,11/23/2025,11/22/2028,,,dfdc082f,,,,,,NASIONAL
,,,,,,,,,,,,,,,,,,
54b746e2,Magang/ Praktik Kerja-Kampus Merdeka,Magang dan Praktik Industri Mahasiswa Prodi D3 Budidaya Perikanan di PT Inovasi Mina Argo,,,,,,,,,,4c2c76f6,,,,,,LOKAL
4a951761,Penyewaan Aset BMN,Seleksi Pegawai Tetap PT Sucofindo berbasis Computer Assisted Test (CAT),5600000,,,,,3/11/2026,3/11/2026,,,,,T_kegiatan_Images/4a951761.foto_kegiatan.080914.jpg,Sewa Lab Komputer,,INCOME GENERATE,LOKAL